<?xml version="1.0" encoding="UTF-8"?>
<annotations textSource="cdc-gov_20170703T010627.txt">
    <annotation>
        <mention id="EHOST_Instance_35" />
        <annotator id="eHOST_2010">Ellemijn Galjaard</annotator>
        <span start="724" end="726" />
        <spannedText>no</spannedText>
        <creationDate>Sun Jan 16 00:28:41 CET 2022</creationDate>
    </annotation>
    <classMention id="EHOST_Instance_35">
        <mentionClass id="NegCue">no</mentionClass>
    </classMention>
    <annotation>
        <mention id="EHOST_Instance_36" />
        <annotator id="eHOST_2010">Ellemijn Galjaard</annotator>
        <span start="1019" end="1022" />
        <spannedText>not</spannedText>
        <creationDate>Sun Jan 16 00:29:09 CET 2022</creationDate>
    </annotation>
    <classMention id="EHOST_Instance_36">
        <mentionClass id="NegCue">not</mentionClass>
    </classMention>
    <annotation>
        <mention id="EHOST_Instance_37" />
        <annotator id="eHOST_2010">Ellemijn Galjaard</annotator>
        <span start="1362" end="1365" />
        <spannedText>not</spannedText>
        <creationDate>Sun Jan 16 00:29:24 CET 2022</creationDate>
    </annotation>
    <classMention id="EHOST_Instance_37">
        <mentionClass id="NegCue">not</mentionClass>
    </classMention>
    <annotation>
        <mention id="EHOST_Instance_38" />
        <annotator id="eHOST_2010">Ellemijn Galjaard</annotator>
        <span start="1576" end="1579" />
        <spannedText>not</spannedText>
        <creationDate>Sun Jan 16 00:29:37 CET 2022</creationDate>
    </annotation>
    <classMention id="EHOST_Instance_38">
        <mentionClass id="NegCue">not</mentionClass>
    </classMention>
    <annotation>
        <mention id="EHOST_Instance_39" />
        <annotator id="eHOST_2010">Ellemijn Galjaard</annotator>
        <span start="1865" end="1867" />
        <spannedText>no</spannedText>
        <creationDate>Sun Jan 16 00:29:54 CET 2022</creationDate>
    </annotation>
    <classMention id="EHOST_Instance_39">
        <mentionClass id="NegCue">no</mentionClass>
    </classMention>
    <annotation>
        <mention id="EHOST_Instance_40" />
        <annotator id="eHOST_2010">Ellemijn Galjaard</annotator>
        <span start="1932" end="1934" />
        <spannedText>no</spannedText>
        <creationDate>Sun Jan 16 00:29:59 CET 2022</creationDate>
    </annotation>
    <classMention id="EHOST_Instance_40">
        <mentionClass id="NegCue">no</mentionClass>
    </classMention>
    <annotation>
        <mention id="EHOST_Instance_41" />
        <annotator id="eHOST_2010">Ellemijn Galjaard</annotator>
        <span start="2115" end="2125" />
        <spannedText>except for</spannedText>
        <creationDate>Sun Jan 16 00:30:46 CET 2022</creationDate>
    </annotation>
    <classMention id="EHOST_Instance_41">
        <mentionClass id="MWNC">except for</mentionClass>
    </classMention>
    <annotation>
        <mention id="EHOST_Instance_42" />
        <annotator id="eHOST_2010">Ellemijn Galjaard</annotator>
        <span start="2314" end="2317" />
        <spannedText>not</spannedText>
        <creationDate>Sun Jan 16 00:31:05 CET 2022</creationDate>
    </annotation>
    <classMention id="EHOST_Instance_42">
        <mentionClass id="NegCue">not</mentionClass>
    </classMention>
    <annotation>
        <mention id="EHOST_Instance_43" />
        <annotator id="eHOST_2010">Ellemijn Galjaard</annotator>
        <span start="2708" end="2715" />
        <spannedText>However</spannedText>
        <creationDate>Sun Jan 16 00:31:20 CET 2022</creationDate>
    </annotation>
    <classMention id="EHOST_Instance_43">
        <mentionClass id="NegCue">However</mentionClass>
    </classMention>
    <annotation>
        <mention id="EHOST_Instance_44" />
        <annotator id="eHOST_2010">Ellemijn Galjaard</annotator>
        <span start="2717" end="2719" />
        <spannedText>no</spannedText>
        <creationDate>Sun Jan 16 00:31:23 CET 2022</creationDate>
    </annotation>
    <classMention id="EHOST_Instance_44">
        <mentionClass id="NegCue">no</mentionClass>
    </classMention>
    <annotation>
        <mention id="EHOST_Instance_45" />
        <annotator id="eHOST_2010">Ellemijn Galjaard</annotator>
        <span start="2861" end="2864" />
        <spannedText>not</spannedText>
        <creationDate>Sun Jan 16 00:31:32 CET 2022</creationDate>
    </annotation>
    <classMention id="EHOST_Instance_45">
        <mentionClass id="NegCue">not</mentionClass>
    </classMention>
    <eHOST_Adjudication_Status version="1.0">
        <Adjudication_Selected_Annotators version="1.0" />
        <Adjudication_Selected_Classes version="1.0" />
        <Adjudication_Others>
            <CHECK_OVERLAPPED_SPANS>false</CHECK_OVERLAPPED_SPANS>
            <CHECK_ATTRIBUTES>false</CHECK_ATTRIBUTES>
            <CHECK_RELATIONSHIP>false</CHECK_RELATIONSHIP>
            <CHECK_CLASS>false</CHECK_CLASS>
            <CHECK_COMMENT>false</CHECK_COMMENT>
        </Adjudication_Others>
    </eHOST_Adjudication_Status>
</annotations>

