<?xml version="1.0" encoding="UTF-8"?>
<annotations textSource="cdc-gov_20170706T111717.txt">
    <annotation>
        <mention id="EHOST_Instance_63" />
        <annotator id="eHOST_2010">Ellemijn Galjaard</annotator>
        <span start="818" end="821" />
        <spannedText>not</spannedText>
        <creationDate>Sun Jan 16 00:33:51 CET 2022</creationDate>
    </annotation>
    <classMention id="EHOST_Instance_63">
        <mentionClass id="NegCue">not</mentionClass>
    </classMention>
    <annotation>
        <mention id="EHOST_Instance_64" />
        <annotator id="eHOST_2010">Ellemijn Galjaard</annotator>
        <span start="846" end="853" />
        <spannedText>however</spannedText>
        <creationDate>Sun Jan 16 00:33:56 CET 2022</creationDate>
    </annotation>
    <classMention id="EHOST_Instance_64">
        <mentionClass id="NegCue">however</mentionClass>
    </classMention>
    <annotation>
        <mention id="EHOST_Instance_65" />
        <annotator id="eHOST_2010">Ellemijn Galjaard</annotator>
        <span start="1718" end="1721" />
        <spannedText>But</spannedText>
        <creationDate>Sun Jan 16 00:34:25 CET 2022</creationDate>
    </annotation>
    <classMention id="EHOST_Instance_65">
        <mentionClass id="NegCue">But</mentionClass>
    </classMention>
    <annotation>
        <mention id="EHOST_Instance_66" />
        <annotator id="eHOST_2010">Ellemijn Galjaard</annotator>
        <span start="2162" end="2165" />
        <spannedText>not</spannedText>
        <creationDate>Sun Jan 16 00:34:42 CET 2022</creationDate>
    </annotation>
    <classMention id="EHOST_Instance_66">
        <mentionClass id="NegCue">not</mentionClass>
    </classMention>
    <annotation>
        <mention id="EHOST_Instance_67" />
        <annotator id="eHOST_2010">Ellemijn Galjaard</annotator>
        <span start="2424" end="2430" />
        <spannedText>cannot</spannedText>
        <creationDate>Sun Jan 16 00:34:53 CET 2022</creationDate>
    </annotation>
    <classMention id="EHOST_Instance_67">
        <mentionClass id="NegCue">cannot</mentionClass>
    </classMention>
    <annotation>
        <mention id="EHOST_Instance_68" />
        <annotator id="eHOST_2010">Ellemijn Galjaard</annotator>
        <span start="2961" end="2978" />
        <spannedText>On the other hand</spannedText>
        <creationDate>Sun Jan 16 00:35:26 CET 2022</creationDate>
    </annotation>
    <classMention id="EHOST_Instance_68">
        <mentionClass id="MWNC">On the other hand</mentionClass>
    </classMention>
    <annotation>
        <mention id="EHOST_Instance_69" />
        <annotator id="eHOST_2010">Ellemijn Galjaard</annotator>
        <span start="3054" end="3065" />
        <spannedText>Even though</spannedText>
        <creationDate>Sun Jan 16 00:35:41 CET 2022</creationDate>
    </annotation>
    <classMention id="EHOST_Instance_69">
        <mentionClass id="MWNC">Even though</mentionClass>
    </classMention>
    <annotation>
        <mention id="EHOST_Instance_70" />
        <annotator id="eHOST_2010">Ellemijn Galjaard</annotator>
        <span start="4068" end="4071" />
        <spannedText>not</spannedText>
        <creationDate>Sun Jan 16 00:36:26 CET 2022</creationDate>
    </annotation>
    <classMention id="EHOST_Instance_70">
        <mentionClass id="NegCue">not</mentionClass>
    </classMention>
    <annotation>
        <mention id="EHOST_Instance_71" />
        <annotator id="eHOST_2010">Ellemijn Galjaard</annotator>
        <span start="4145" end="4148" />
        <spannedText>not</spannedText>
        <creationDate>Sun Jan 16 00:36:31 CET 2022</creationDate>
    </annotation>
    <classMention id="EHOST_Instance_71">
        <mentionClass id="NegCue">not</mentionClass>
    </classMention>
    <annotation>
        <mention id="EHOST_Instance_72" />
        <annotator id="eHOST_2010">Ellemijn Galjaard</annotator>
        <span start="5022" end="5024" />
        <spannedText>no</spannedText>
        <creationDate>Sun Jan 16 00:36:57 CET 2022</creationDate>
    </annotation>
    <classMention id="EHOST_Instance_72">
        <mentionClass id="NegCue">no</mentionClass>
    </classMention>
    <annotation>
        <mention id="EHOST_Instance_73" />
        <annotator id="eHOST_2010">Ellemijn Galjaard</annotator>
        <span start="5189" end="5191" />
        <spannedText>no</spannedText>
        <creationDate>Sun Jan 16 00:37:06 CET 2022</creationDate>
    </annotation>
    <classMention id="EHOST_Instance_73">
        <mentionClass id="NegCue">no</mentionClass>
    </classMention>
    <annotation>
        <mention id="EHOST_Instance_74" />
        <annotator id="eHOST_2010">Ellemijn Galjaard</annotator>
        <span start="5180" end="5188" />
        <spannedText>Although</spannedText>
        <creationDate>Sun Jan 16 00:37:15 CET 2022</creationDate>
    </annotation>
    <classMention id="EHOST_Instance_74">
        <mentionClass id="NegCue">Although</mentionClass>
    </classMention>
    <annotation>
        <mention id="EHOST_Instance_75" />
        <annotator id="eHOST_2010">Ellemijn Galjaard</annotator>
        <span start="5351" end="5354" />
        <spannedText>not</spannedText>
        <creationDate>Sun Jan 16 00:37:23 CET 2022</creationDate>
    </annotation>
    <classMention id="EHOST_Instance_75">
        <mentionClass id="NegCue">not</mentionClass>
    </classMention>
    <annotation>
        <mention id="EHOST_Instance_76" />
        <annotator id="eHOST_2010">Ellemijn Galjaard</annotator>
        <span start="6061" end="6069" />
        <spannedText>Although</spannedText>
        <creationDate>Sun Jan 16 00:37:49 CET 2022</creationDate>
    </annotation>
    <classMention id="EHOST_Instance_76">
        <mentionClass id="NegCue">Although</mentionClass>
    </classMention>
    <annotation>
        <mention id="EHOST_Instance_77" />
        <annotator id="eHOST_2010">Ellemijn Galjaard</annotator>
        <span start="6421" end="6424" />
        <spannedText>not</spannedText>
        <creationDate>Sun Jan 16 00:38:10 CET 2022</creationDate>
    </annotation>
    <classMention id="EHOST_Instance_77">
        <mentionClass id="NegCue">not</mentionClass>
    </classMention>
    <eHOST_Adjudication_Status version="1.0">
        <Adjudication_Selected_Annotators version="1.0" />
        <Adjudication_Selected_Classes version="1.0" />
        <Adjudication_Others>
            <CHECK_OVERLAPPED_SPANS>false</CHECK_OVERLAPPED_SPANS>
            <CHECK_ATTRIBUTES>false</CHECK_ATTRIBUTES>
            <CHECK_RELATIONSHIP>false</CHECK_RELATIONSHIP>
            <CHECK_CLASS>false</CHECK_CLASS>
            <CHECK_COMMENT>false</CHECK_COMMENT>
        </Adjudication_Others>
    </eHOST_Adjudication_Status>
</annotations>

