<?xml version="1.0" encoding="UTF-8"?>
<annotations textSource="Couples-Resorts-Message-Board_20160822T123023.txt">
    <annotation>
        <mention id="EHOST_Instance_174" />
        <annotator id="eHOST_2010">Ellemijn Galjaard</annotator>
        <span start="95" end="101" />
        <spannedText>didn't</spannedText>
        <creationDate>Sun Jan 16 00:39:25 CET 2022</creationDate>
    </annotation>
    <classMention id="EHOST_Instance_174">
        <mentionClass id="NegCue">didn't</mentionClass>
    </classMention>
    <annotation>
        <mention id="EHOST_Instance_175" />
        <annotator id="eHOST_2010">Ellemijn Galjaard</annotator>
        <span start="398" end="401" />
        <spannedText>not</spannedText>
        <creationDate>Sun Jan 16 00:39:43 CET 2022</creationDate>
    </annotation>
    <classMention id="EHOST_Instance_175">
        <mentionClass id="NegCue">not</mentionClass>
    </classMention>
    <annotation>
        <mention id="EHOST_Instance_176" />
        <annotator id="eHOST_2010">Ellemijn Galjaard</annotator>
        <span start="550" end="553" />
        <spannedText>not</spannedText>
        <creationDate>Sun Jan 16 00:39:54 CET 2022</creationDate>
    </annotation>
    <classMention id="EHOST_Instance_176">
        <mentionClass id="NegCue">not</mentionClass>
    </classMention>
    <annotation>
        <mention id="EHOST_Instance_177" />
        <annotator id="eHOST_2010">Ellemijn Galjaard</annotator>
        <span start="679" end="684" />
        <spannedText>don't</spannedText>
        <creationDate>Sun Jan 16 00:39:59 CET 2022</creationDate>
    </annotation>
    <classMention id="EHOST_Instance_177">
        <mentionClass id="NegCue">don't</mentionClass>
    </classMention>
    <annotation>
        <mention id="EHOST_Instance_178" />
        <annotator id="eHOST_2010">Ellemijn Galjaard</annotator>
        <span start="767" end="770" />
        <spannedText>not</spannedText>
        <creationDate>Sun Jan 16 00:40:06 CET 2022</creationDate>
    </annotation>
    <classMention id="EHOST_Instance_178">
        <mentionClass id="NegCue">not</mentionClass>
    </classMention>
    <annotation>
        <mention id="EHOST_Instance_179" />
        <annotator id="eHOST_2010">Ellemijn Galjaard</annotator>
        <span start="850" end="852" />
        <spannedText>no</spannedText>
        <creationDate>Sun Jan 16 00:40:11 CET 2022</creationDate>
    </annotation>
    <classMention id="EHOST_Instance_179">
        <mentionClass id="NegCue">no</mentionClass>
    </classMention>
    <annotation>
        <mention id="EHOST_Instance_180" />
        <annotator id="eHOST_2010">Ellemijn Galjaard</annotator>
        <span start="1082" end="1088" />
        <spannedText>though</spannedText>
        <creationDate>Sun Jan 16 00:40:26 CET 2022</creationDate>
    </annotation>
    <classMention id="EHOST_Instance_180">
        <mentionClass id="NegCue">though</mentionClass>
    </classMention>
    <eHOST_Adjudication_Status version="1.0">
        <Adjudication_Selected_Annotators version="1.0" />
        <Adjudication_Selected_Classes version="1.0" />
        <Adjudication_Others>
            <CHECK_OVERLAPPED_SPANS>false</CHECK_OVERLAPPED_SPANS>
            <CHECK_ATTRIBUTES>false</CHECK_ATTRIBUTES>
            <CHECK_RELATIONSHIP>false</CHECK_RELATIONSHIP>
            <CHECK_CLASS>false</CHECK_CLASS>
            <CHECK_COMMENT>false</CHECK_COMMENT>
        </Adjudication_Others>
    </eHOST_Adjudication_Status>
</annotations>

