<?xml version="1.0" encoding="UTF-8"?>
<annotations textSource="dogsnaturallymagazine-com_20160430T211917.txt">
    <annotation>
        <mention id="EHOST_Instance_333" />
        <annotator id="eHOST_2010">Ellemijn Galjaard</annotator>
        <span start="813" end="821" />
        <spannedText>Wouldn't</spannedText>
        <creationDate>Sun Jan 16 00:49:34 CET 2022</creationDate>
    </annotation>
    <classMention id="EHOST_Instance_333">
        <mentionClass id="NegCue">Wouldn't</mentionClass>
    </classMention>
    <annotation>
        <mention id="EHOST_Instance_334" />
        <annotator id="eHOST_2010">Ellemijn Galjaard</annotator>
        <span start="2367" end="2380" />
        <spannedText>inappropriate</spannedText>
        <creationDate>Sun Jan 16 00:50:31 CET 2022</creationDate>
    </annotation>
    <classMention id="EHOST_Instance_334">
        <mentionClass id="NegCue">inappropriate</mentionClass>
    </classMention>
    <annotation>
        <mention id="EHOST_Instance_335" />
        <annotator id="eHOST_2010">Ellemijn Galjaard</annotator>
        <span start="2631" end="2641" />
        <spannedText>couldnâ€™t</spannedText>
        <creationDate>Sun Jan 16 00:50:46 CET 2022</creationDate>
    </annotation>
    <classMention id="EHOST_Instance_335">
        <mentionClass id="NegCue">couldnâ€™t</mentionClass>
    </classMention>
    <annotation>
        <mention id="EHOST_Instance_336" />
        <annotator id="eHOST_2010">Ellemijn Galjaard</annotator>
        <span start="2971" end="2979" />
        <spannedText>arenâ€™t</spannedText>
        <creationDate>Sun Jan 16 00:51:03 CET 2022</creationDate>
    </annotation>
    <classMention id="EHOST_Instance_336">
        <mentionClass id="NegCue">arenâ€™t</mentionClass>
    </classMention>
    <annotation>
        <mention id="EHOST_Instance_337" />
        <annotator id="eHOST_2010">Ellemijn Galjaard</annotator>
        <span start="3238" end="3247" />
        <spannedText>unhealthy</spannedText>
        <creationDate>Sun Jan 16 00:51:17 CET 2022</creationDate>
    </annotation>
    <classMention id="EHOST_Instance_337">
        <mentionClass id="NegCue">unhealthy</mentionClass>
    </classMention>
    <annotation>
        <mention id="EHOST_Instance_338" />
        <annotator id="eHOST_2010">Ellemijn Galjaard</annotator>
        <span start="3472" end="3476" />
        <spannedText>notÂ</spannedText>
        <creationDate>Sun Jan 16 00:51:26 CET 2022</creationDate>
    </annotation>
    <classMention id="EHOST_Instance_338">
        <mentionClass id="NegCue">notÂ</mentionClass>
    </classMention>
    <annotation>
        <mention id="EHOST_Instance_339" />
        <annotator id="eHOST_2010">Ellemijn Galjaard</annotator>
        <span start="3538" end="3544" />
        <spannedText>â€œnot</spannedText>
        <creationDate>Sun Jan 16 00:51:32 CET 2022</creationDate>
    </annotation>
    <classMention id="EHOST_Instance_339">
        <mentionClass id="NegCue">â€œnot</mentionClass>
    </classMention>
    <annotation>
        <mention id="EHOST_Instance_340" />
        <annotator id="eHOST_2010">Ellemijn Galjaard</annotator>
        <span start="3557" end="3560" />
        <spannedText>but</spannedText>
        <creationDate>Sun Jan 16 00:51:37 CET 2022</creationDate>
    </annotation>
    <classMention id="EHOST_Instance_340">
        <mentionClass id="NegCue">but</mentionClass>
    </classMention>
    <annotation>
        <mention id="EHOST_Instance_341" />
        <annotator id="eHOST_2010">Ellemijn Galjaard</annotator>
        <span start="3561" end="3568" />
        <spannedText>neither</spannedText>
        <creationDate>Sun Jan 16 00:51:47 CET 2022</creationDate>
    </annotation>
    <classMention id="EHOST_Instance_341">
        <mentionClass id="NegCue">neither</mentionClass>
    </classMention>
    <annotation>
        <mention id="EHOST_Instance_342" />
        <annotator id="eHOST_2010">Ellemijn Galjaard</annotator>
        <span start="3721" end="3726" />
        <spannedText>Never</spannedText>
        <creationDate>Sun Jan 16 00:51:52 CET 2022</creationDate>
    </annotation>
    <classMention id="EHOST_Instance_342">
        <mentionClass id="NegCue">Never</mentionClass>
    </classMention>
    <annotation>
        <mention id="EHOST_Instance_343" />
        <annotator id="eHOST_2010">Ellemijn Galjaard</annotator>
        <span start="3979" end="3988" />
        <spannedText>doesnâ€™t</spannedText>
        <creationDate>Sun Jan 16 00:52:15 CET 2022</creationDate>
    </annotation>
    <classMention id="EHOST_Instance_343">
        <mentionClass id="NegCue">doesnâ€™t</mentionClass>
    </classMention>
    <annotation>
        <mention id="EHOST_Instance_344" />
        <annotator id="eHOST_2010">Ellemijn Galjaard</annotator>
        <span start="4026" end="4029" />
        <spannedText>won</spannedText>
        <creationDate>Sun Jan 16 00:52:19 CET 2022</creationDate>
    </annotation>
    <classMention id="EHOST_Instance_344">
        <mentionClass id="NegCue">won</mentionClass>
    </classMention>
    <annotation>
        <mention id="EHOST_Instance_345" />
        <annotator id="eHOST_2010">Ellemijn Galjaard</annotator>
        <span start="4167" end="4176" />
        <spannedText>unhealthy</spannedText>
        <creationDate>Sun Jan 16 00:52:25 CET 2022</creationDate>
    </annotation>
    <classMention id="EHOST_Instance_345">
        <mentionClass id="NegCue">unhealthy</mentionClass>
    </classMention>
    <annotation>
        <mention id="EHOST_Instance_346" />
        <annotator id="eHOST_2010">Ellemijn Galjaard</annotator>
        <span start="4383" end="4387" />
        <spannedText>Donâ</spannedText>
        <creationDate>Sun Jan 16 00:52:34 CET 2022</creationDate>
    </annotation>
    <classMention id="EHOST_Instance_346">
        <mentionClass id="NegCue">Donâ</mentionClass>
    </classMention>
    <annotation>
        <mention id="EHOST_Instance_347" />
        <annotator id="eHOST_2010">Ellemijn Galjaard</annotator>
        <span start="4939" end="4942" />
        <spannedText>but</spannedText>
        <creationDate>Sun Jan 16 00:53:11 CET 2022</creationDate>
    </annotation>
    <classMention id="EHOST_Instance_347">
        <mentionClass id="NegCue">but</mentionClass>
    </classMention>
    <annotation>
        <mention id="EHOST_Instance_348" />
        <annotator id="eHOST_2010">Ellemijn Galjaard</annotator>
        <span start="4943" end="4946" />
        <spannedText>not</spannedText>
        <creationDate>Sun Jan 16 00:53:14 CET 2022</creationDate>
    </annotation>
    <classMention id="EHOST_Instance_348">
        <mentionClass id="NegCue">not</mentionClass>
    </classMention>
    <annotation>
        <mention id="EHOST_Instance_349" />
        <annotator id="eHOST_2010">Ellemijn Galjaard</annotator>
        <span start="5056" end="5059" />
        <spannedText>not</spannedText>
        <creationDate>Sun Jan 16 00:53:22 CET 2022</creationDate>
    </annotation>
    <classMention id="EHOST_Instance_349">
        <mentionClass id="NegCue">not</mentionClass>
    </classMention>
    <annotation>
        <mention id="EHOST_Instance_350" />
        <annotator id="eHOST_2010">Ellemijn Galjaard</annotator>
        <span start="5088" end="5094" />
        <spannedText>except</spannedText>
        <creationDate>Sun Jan 16 00:53:26 CET 2022</creationDate>
    </annotation>
    <classMention id="EHOST_Instance_350">
        <mentionClass id="NegCue">except</mentionClass>
    </classMention>
    <annotation>
        <mention id="EHOST_Instance_351" />
        <annotator id="eHOST_2010">Ellemijn Galjaard</annotator>
        <span start="5214" end="5217" />
        <spannedText>don</spannedText>
        <creationDate>Sun Jan 16 00:53:33 CET 2022</creationDate>
    </annotation>
    <classMention id="EHOST_Instance_351">
        <mentionClass id="NegCue">don</mentionClass>
    </classMention>
    <annotation>
        <mention id="EHOST_Instance_352" />
        <annotator id="eHOST_2010">Ellemijn Galjaard</annotator>
        <span start="5703" end="5712" />
        <spannedText>doesnâ€™t</spannedText>
        <creationDate>Sun Jan 16 00:53:55 CET 2022</creationDate>
    </annotation>
    <classMention id="EHOST_Instance_352">
        <mentionClass id="NegCue">doesnâ€™t</mentionClass>
    </classMention>
    <annotation>
        <mention id="EHOST_Instance_353" />
        <annotator id="eHOST_2010">Ellemijn Galjaard</annotator>
        <span start="5831" end="5840" />
        <spannedText>doesnâ€™t</spannedText>
        <creationDate>Sun Jan 16 00:54:04 CET 2022</creationDate>
    </annotation>
    <classMention id="EHOST_Instance_353">
        <mentionClass id="NegCue">doesnâ€™t</mentionClass>
    </classMention>
    <annotation>
        <mention id="EHOST_Instance_354" />
        <annotator id="eHOST_2010">Ellemijn Galjaard</annotator>
        <span start="6445" end="6448" />
        <spannedText>but</spannedText>
        <creationDate>Sun Jan 16 00:54:33 CET 2022</creationDate>
    </annotation>
    <classMention id="EHOST_Instance_354">
        <mentionClass id="NegCue">but</mentionClass>
    </classMention>
    <annotation>
        <mention id="EHOST_Instance_355" />
        <annotator id="eHOST_2010">Ellemijn Galjaard</annotator>
        <span start="6526" end="6533" />
        <spannedText>Donâ€™t</spannedText>
        <creationDate>Sun Jan 16 00:54:44 CET 2022</creationDate>
    </annotation>
    <classMention id="EHOST_Instance_355">
        <mentionClass id="NegCue">Donâ€™t</mentionClass>
    </classMention>
    <annotation>
        <mention id="EHOST_Instance_356" />
        <annotator id="eHOST_2010">Ellemijn Galjaard</annotator>
        <span start="6821" end="6827" />
        <spannedText>cannot</spannedText>
        <creationDate>Sun Jan 16 00:54:54 CET 2022</creationDate>
    </annotation>
    <classMention id="EHOST_Instance_356">
        <mentionClass id="NegCue">cannot</mentionClass>
    </classMention>
    <annotation>
        <mention id="EHOST_Instance_357" />
        <annotator id="eHOST_2010">Ellemijn Galjaard</annotator>
        <span start="6865" end="6868" />
        <spannedText>but</spannedText>
        <creationDate>Sun Jan 16 00:55:01 CET 2022</creationDate>
    </annotation>
    <classMention id="EHOST_Instance_357">
        <mentionClass id="NegCue">but</mentionClass>
    </classMention>
    <annotation>
        <mention id="EHOST_Instance_358" />
        <annotator id="eHOST_2010">Ellemijn Galjaard</annotator>
        <span start="7189" end="7192" />
        <spannedText>not</spannedText>
        <creationDate>Sun Jan 16 00:55:14 CET 2022</creationDate>
    </annotation>
    <classMention id="EHOST_Instance_358">
        <mentionClass id="NegCue">not</mentionClass>
    </classMention>
    <annotation>
        <mention id="EHOST_Instance_359" />
        <annotator id="eHOST_2010">Ellemijn Galjaard</annotator>
        <span start="7238" end="7241" />
        <spannedText>not</spannedText>
        <creationDate>Sun Jan 16 00:55:19 CET 2022</creationDate>
    </annotation>
    <classMention id="EHOST_Instance_359">
        <mentionClass id="NegCue">not</mentionClass>
    </classMention>
    <annotation>
        <mention id="EHOST_Instance_360" />
        <annotator id="eHOST_2010">Ellemijn Galjaard</annotator>
        <span start="7336" end="7346" />
        <spannedText>unprepared</spannedText>
        <creationDate>Sun Jan 16 00:55:27 CET 2022</creationDate>
    </annotation>
    <classMention id="EHOST_Instance_360">
        <mentionClass id="NegCue">unprepared</mentionClass>
    </classMention>
    <annotation>
        <mention id="EHOST_Instance_361" />
        <annotator id="eHOST_2010">Ellemijn Galjaard</annotator>
        <span start="7891" end="7902" />
        <spannedText>unnecessary</spannedText>
        <creationDate>Sun Jan 16 00:55:48 CET 2022</creationDate>
    </annotation>
    <classMention id="EHOST_Instance_361">
        <mentionClass id="NegCue">unnecessary</mentionClass>
    </classMention>
    <annotation>
        <mention id="EHOST_Instance_362" />
        <annotator id="eHOST_2010">Ellemijn Galjaard</annotator>
        <span start="8388" end="8393" />
        <spannedText>Don't</spannedText>
        <creationDate>Sun Jan 16 00:56:06 CET 2022</creationDate>
    </annotation>
    <classMention id="EHOST_Instance_362">
        <mentionClass id="NegCue">Don't</mentionClass>
    </classMention>
    <annotation>
        <mention id="EHOST_Instance_363" />
        <annotator id="eHOST_2010">Ellemijn Galjaard</annotator>
        <span start="9842" end="9845" />
        <spannedText>not</spannedText>
        <creationDate>Sun Jan 16 00:56:35 CET 2022</creationDate>
    </annotation>
    <classMention id="EHOST_Instance_363">
        <mentionClass id="NegCue">not</mentionClass>
    </classMention>
    <annotation>
        <mention id="EHOST_Instance_364" />
        <annotator id="eHOST_2010">Ellemijn Galjaard</annotator>
        <span start="10190" end="10193" />
        <spannedText>not</spannedText>
        <creationDate>Sun Jan 16 00:56:49 CET 2022</creationDate>
    </annotation>
    <classMention id="EHOST_Instance_364">
        <mentionClass id="NegCue">not</mentionClass>
    </classMention>
    <annotation>
        <mention id="EHOST_Instance_365" />
        <annotator id="eHOST_2010">Ellemijn Galjaard</annotator>
        <span start="10231" end="10238" />
        <spannedText>However</spannedText>
        <creationDate>Sun Jan 16 00:56:54 CET 2022</creationDate>
    </annotation>
    <classMention id="EHOST_Instance_365">
        <mentionClass id="NegCue">However</mentionClass>
    </classMention>
    <eHOST_Adjudication_Status version="1.0">
        <Adjudication_Selected_Annotators version="1.0" />
        <Adjudication_Selected_Classes version="1.0" />
        <Adjudication_Others>
            <CHECK_OVERLAPPED_SPANS>false</CHECK_OVERLAPPED_SPANS>
            <CHECK_ATTRIBUTES>false</CHECK_ATTRIBUTES>
            <CHECK_RELATIONSHIP>false</CHECK_RELATIONSHIP>
            <CHECK_CLASS>false</CHECK_CLASS>
            <CHECK_COMMENT>false</CHECK_COMMENT>
        </Adjudication_Others>
    </eHOST_Adjudication_Status>
</annotations>

