<?xml version="1.0" encoding="UTF-8"?>
<annotations textSource="emergency-cdc-gov_20170616T203204.txt">
    <annotation>
        <mention id="EHOST_Instance_475" />
        <annotator id="eHOST_2010">Extensible_Human_Oracle_Suite_of_Tools</annotator>
        <span start="2300" end="2312" />
        <spannedText>unvaccinated</spannedText>
        <creationDate>Wed Jan 12 20:25:52 CET 2022</creationDate>
    </annotation>
    <classMention id="EHOST_Instance_475">
        <mentionClass id="NegCue">unvaccinated</mentionClass>
    </classMention>
    <annotation>
        <mention id="EHOST_Instance_476" />
        <annotator id="eHOST_2010">Extensible_Human_Oracle_Suite_of_Tools</annotator>
        <span start="2413" end="2415" />
        <spannedText>no</spannedText>
        <creationDate>Wed Jan 12 20:26:02 CET 2022</creationDate>
    </annotation>
    <classMention id="EHOST_Instance_476">
        <mentionClass id="NegCue">no</mentionClass>
    </classMention>
    <annotation>
        <mention id="EHOST_Instance_477" />
        <annotator id="eHOST_2010">Extensible_Human_Oracle_Suite_of_Tools</annotator>
        <span start="2861" end="2873" />
        <spannedText>unvaccinated</spannedText>
        <creationDate>Wed Jan 12 20:26:21 CET 2022</creationDate>
    </annotation>
    <classMention id="EHOST_Instance_477">
        <mentionClass id="NegCue">unvaccinated</mentionClass>
    </classMention>
    <annotation>
        <mention id="EHOST_Instance_478" />
        <annotator id="eHOST_2010">Extensible_Human_Oracle_Suite_of_Tools</annotator>
        <span start="2888" end="2895" />
        <spannedText>unknown</spannedText>
        <creationDate>Wed Jan 12 20:26:25 CET 2022</creationDate>
    </annotation>
    <classMention id="EHOST_Instance_478">
        <mentionClass id="NegCue">unknown</mentionClass>
    </classMention>
    <annotation>
        <mention id="EHOST_Instance_479" />
        <annotator id="eHOST_2010">Extensible_Human_Oracle_Suite_of_Tools</annotator>
        <span start="3043" end="3055" />
        <spannedText>unvaccinated</spannedText>
        <creationDate>Wed Jan 12 20:26:34 CET 2022</creationDate>
    </annotation>
    <classMention id="EHOST_Instance_479">
        <mentionClass id="NegCue">unvaccinated</mentionClass>
    </classMention>
    <annotation>
        <mention id="EHOST_Instance_480" />
        <annotator id="eHOST_2010">Extensible_Human_Oracle_Suite_of_Tools</annotator>
        <span start="3483" end="3486" />
        <spannedText>not</spannedText>
        <creationDate>Wed Jan 12 20:26:53 CET 2022</creationDate>
    </annotation>
    <classMention id="EHOST_Instance_480">
        <mentionClass id="NegCue">not</mentionClass>
    </classMention>
    <annotation>
        <mention id="EHOST_Instance_481" />
        <annotator id="eHOST_2010">Ellemijn Galjaard</annotator>
        <span start="3778" end="3785" />
        <spannedText>However</spannedText>
        <creationDate>Sun Jan 16 00:57:32 CET 2022</creationDate>
    </annotation>
    <classMention id="EHOST_Instance_481">
        <mentionClass id="NegCue">However</mentionClass>
    </classMention>
    <annotation>
        <mention id="EHOST_Instance_482" />
        <annotator id="eHOST_2010">Ellemijn Galjaard</annotator>
        <span start="3881" end="3893" />
        <spannedText>unvaccinated</spannedText>
        <creationDate>Sun Jan 16 00:57:37 CET 2022</creationDate>
    </annotation>
    <classMention id="EHOST_Instance_482">
        <mentionClass id="NegCue">unvaccinated</mentionClass>
    </classMention>
    <eHOST_Adjudication_Status version="1.0">
        <Adjudication_Selected_Annotators version="1.0" />
        <Adjudication_Selected_Classes version="1.0" />
        <Adjudication_Others>
            <CHECK_OVERLAPPED_SPANS>false</CHECK_OVERLAPPED_SPANS>
            <CHECK_ATTRIBUTES>false</CHECK_ATTRIBUTES>
            <CHECK_RELATIONSHIP>false</CHECK_RELATIONSHIP>
            <CHECK_CLASS>false</CHECK_CLASS>
            <CHECK_COMMENT>false</CHECK_COMMENT>
        </Adjudication_Others>
    </eHOST_Adjudication_Status>
</annotations>

