<?xml version="1.0" encoding="UTF-8"?>
<annotations textSource="en-wikipedia-org_20170318T104602.txt">
    <annotation>
        <mention id="EHOST_Instance_862" />
        <annotator id="eHOST_2010">Ellemijn Galjaard</annotator>
        <span start="432" end="439" />
        <spannedText>However</spannedText>
        <creationDate>Sun Jan 16 00:59:28 CET 2022</creationDate>
    </annotation>
    <classMention id="EHOST_Instance_862">
        <mentionClass id="NegCue">However</mentionClass>
    </classMention>
    <annotation>
        <mention id="EHOST_Instance_863" />
        <annotator id="eHOST_2010">Ellemijn Galjaard</annotator>
        <span start="1152" end="1155" />
        <spannedText>but</spannedText>
        <creationDate>Sun Jan 16 00:59:51 CET 2022</creationDate>
    </annotation>
    <classMention id="EHOST_Instance_863">
        <mentionClass id="NegCue">but</mentionClass>
    </classMention>
    <annotation>
        <mention id="EHOST_Instance_864" />
        <annotator id="eHOST_2010">Ellemijn Galjaard</annotator>
        <span start="1315" end="1327" />
        <spannedText>nontechnical</spannedText>
        <creationDate>Sun Jan 16 00:59:57 CET 2022</creationDate>
    </annotation>
    <classMention id="EHOST_Instance_864">
        <mentionClass id="NegCue">nontechnical</mentionClass>
    </classMention>
    <annotation>
        <mention id="EHOST_Instance_865" />
        <annotator id="eHOST_2010">Ellemijn Galjaard</annotator>
        <span start="1456" end="1459" />
        <spannedText>not</spannedText>
        <creationDate>Sun Jan 16 01:00:04 CET 2022</creationDate>
    </annotation>
    <classMention id="EHOST_Instance_865">
        <mentionClass id="NegCue">not</mentionClass>
    </classMention>
    <annotation>
        <mention id="EHOST_Instance_866" />
        <annotator id="eHOST_2010">Ellemijn Galjaard</annotator>
        <span start="1522" end="1525" />
        <spannedText>not</spannedText>
        <creationDate>Sun Jan 16 01:00:09 CET 2022</creationDate>
    </annotation>
    <classMention id="EHOST_Instance_866">
        <mentionClass id="NegCue">not</mentionClass>
    </classMention>
    <annotation>
        <mention id="EHOST_Instance_867" />
        <annotator id="eHOST_2010">Ellemijn Galjaard</annotator>
        <span start="2015" end="2023" />
        <spannedText>although</spannedText>
        <creationDate>Sun Jan 16 01:00:25 CET 2022</creationDate>
    </annotation>
    <classMention id="EHOST_Instance_867">
        <mentionClass id="NegCue">although</mentionClass>
    </classMention>
    <annotation>
        <mention id="EHOST_Instance_868" />
        <annotator id="eHOST_2010">Ellemijn Galjaard</annotator>
        <span start="2321" end="2330" />
        <spannedText>incorrect</spannedText>
        <creationDate>Sun Jan 16 01:00:40 CET 2022</creationDate>
    </annotation>
    <classMention id="EHOST_Instance_868">
        <mentionClass id="NegCue">incorrect</mentionClass>
    </classMention>
    <annotation>
        <mention id="EHOST_Instance_869" />
        <annotator id="eHOST_2010">Ellemijn Galjaard</annotator>
        <span start="2378" end="2387" />
        <spannedText>innocuous</spannedText>
        <creationDate>Sun Jan 16 01:00:52 CET 2022</creationDate>
    </annotation>
    <classMention id="EHOST_Instance_869">
        <mentionClass id="NegCue">innocuous</mentionClass>
    </classMention>
    <annotation>
        <mention id="EHOST_Instance_870" />
        <annotator id="eHOST_2010">Ellemijn Galjaard</annotator>
        <span start="2421" end="2423" />
        <spannedText>in</spannedText>
        <creationDate>Sun Jan 16 01:00:58 CET 2022</creationDate>
    </annotation>
    <classMention id="EHOST_Instance_870">
        <mentionClass id="NegCue">in</mentionClass>
    </classMention>
    <annotation>
        <mention id="EHOST_Instance_871" />
        <annotator id="eHOST_2010">Ellemijn Galjaard</annotator>
        <span start="2434" end="2437" />
        <spannedText>not</spannedText>
        <creationDate>Sun Jan 16 01:01:03 CET 2022</creationDate>
    </annotation>
    <classMention id="EHOST_Instance_871">
        <mentionClass id="NegCue">not</mentionClass>
    </classMention>
    <annotation>
        <mention id="EHOST_Instance_872" />
        <annotator id="eHOST_2010">Ellemijn Galjaard</annotator>
        <span start="2673" end="2676" />
        <spannedText>but</spannedText>
        <creationDate>Sun Jan 16 01:01:12 CET 2022</creationDate>
    </annotation>
    <classMention id="EHOST_Instance_872">
        <mentionClass id="NegCue">but</mentionClass>
    </classMention>
    <annotation>
        <mention id="EHOST_Instance_873" />
        <annotator id="eHOST_2010">Ellemijn Galjaard</annotator>
        <span start="3681" end="3693" />
        <spannedText>unexpectedly</spannedText>
        <creationDate>Sun Jan 16 01:01:51 CET 2022</creationDate>
    </annotation>
    <classMention id="EHOST_Instance_873">
        <mentionClass id="NegCue">unexpectedly</mentionClass>
    </classMention>
    <annotation>
        <mention id="EHOST_Instance_874" />
        <annotator id="eHOST_2010">Ellemijn Galjaard</annotator>
        <span start="3744" end="3747" />
        <spannedText>not</spannedText>
        <creationDate>Sun Jan 16 01:01:57 CET 2022</creationDate>
    </annotation>
    <classMention id="EHOST_Instance_874">
        <mentionClass id="NegCue">not</mentionClass>
    </classMention>
    <annotation>
        <mention id="EHOST_Instance_875" />
        <annotator id="eHOST_2010">Ellemijn Galjaard</annotator>
        <span start="4437" end="4444" />
        <spannedText>instead</spannedText>
        <creationDate>Sun Jan 16 01:02:30 CET 2022</creationDate>
    </annotation>
    <classMention id="EHOST_Instance_875">
        <mentionClass id="NegCue">instead</mentionClass>
    </classMention>
    <annotation>
        <mention id="EHOST_Instance_876" />
        <annotator id="eHOST_2010">Ellemijn Galjaard</annotator>
        <span start="3951" end="3954" />
        <spannedText>not</spannedText>
        <creationDate>Sun Jan 16 01:02:38 CET 2022</creationDate>
    </annotation>
    <classMention id="EHOST_Instance_876">
        <mentionClass id="NegCue">not</mentionClass>
    </classMention>
    <annotation>
        <mention id="EHOST_Instance_877" />
        <annotator id="eHOST_2010">Ellemijn Galjaard</annotator>
        <span start="5435" end="5438" />
        <spannedText>not</spannedText>
        <creationDate>Sun Jan 16 01:03:08 CET 2022</creationDate>
    </annotation>
    <classMention id="EHOST_Instance_877">
        <mentionClass id="NegCue">not</mentionClass>
    </classMention>
    <annotation>
        <mention id="EHOST_Instance_878" />
        <annotator id="eHOST_2010">Ellemijn Galjaard</annotator>
        <span start="5994" end="6003" />
        <spannedText>unhappily</spannedText>
        <creationDate>Sun Jan 16 01:03:31 CET 2022</creationDate>
    </annotation>
    <classMention id="EHOST_Instance_878">
        <mentionClass id="NegCue">unhappily</mentionClass>
    </classMention>
    <annotation>
        <mention id="EHOST_Instance_879" />
        <annotator id="eHOST_2010">Ellemijn Galjaard</annotator>
        <span start="6464" end="6467" />
        <spannedText>not</spannedText>
        <creationDate>Sun Jan 16 01:03:51 CET 2022</creationDate>
    </annotation>
    <classMention id="EHOST_Instance_879">
        <mentionClass id="NegCue">not</mentionClass>
    </classMention>
    <annotation>
        <mention id="EHOST_Instance_880" />
        <annotator id="eHOST_2010">Ellemijn Galjaard</annotator>
        <span start="6533" end="6539" />
        <spannedText>though</spannedText>
        <creationDate>Sun Jan 16 01:03:55 CET 2022</creationDate>
    </annotation>
    <classMention id="EHOST_Instance_880">
        <mentionClass id="NegCue">though</mentionClass>
    </classMention>
    <annotation>
        <mention id="EHOST_Instance_881" />
        <annotator id="eHOST_2010">Ellemijn Galjaard</annotator>
        <span start="7164" end="7171" />
        <spannedText>However</spannedText>
        <creationDate>Sun Jan 16 01:04:12 CET 2022</creationDate>
    </annotation>
    <classMention id="EHOST_Instance_881">
        <mentionClass id="NegCue">However</mentionClass>
    </classMention>
    <annotation>
        <mention id="EHOST_Instance_882" />
        <annotator id="eHOST_2010">Ellemijn Galjaard</annotator>
        <span start="7191" end="7194" />
        <spannedText>not</spannedText>
        <creationDate>Sun Jan 16 01:04:15 CET 2022</creationDate>
    </annotation>
    <classMention id="EHOST_Instance_882">
        <mentionClass id="NegCue">not</mentionClass>
    </classMention>
    <annotation>
        <mention id="EHOST_Instance_883" />
        <annotator id="eHOST_2010">Ellemijn Galjaard</annotator>
        <span start="8483" end="8485" />
        <spannedText>no</spannedText>
        <creationDate>Sun Jan 16 01:04:49 CET 2022</creationDate>
    </annotation>
    <classMention id="EHOST_Instance_883">
        <mentionClass id="NegCue">no</mentionClass>
    </classMention>
    <annotation>
        <mention id="EHOST_Instance_884" />
        <annotator id="eHOST_2010">Ellemijn Galjaard</annotator>
        <span start="8479" end="8482" />
        <spannedText>Yet</spannedText>
        <creationDate>Sun Jan 16 01:04:55 CET 2022</creationDate>
    </annotation>
    <classMention id="EHOST_Instance_884">
        <mentionClass id="NegCue">Yet</mentionClass>
    </classMention>
    <annotation>
        <mention id="EHOST_Instance_885" />
        <annotator id="eHOST_2010">Ellemijn Galjaard</annotator>
        <span start="11211" end="11214" />
        <spannedText>but</spannedText>
        <creationDate>Sun Jan 16 01:06:18 CET 2022</creationDate>
    </annotation>
    <classMention id="EHOST_Instance_885">
        <mentionClass id="NegCue">but</mentionClass>
    </classMention>
    <annotation>
        <mention id="EHOST_Instance_886" />
        <annotator id="eHOST_2010">Ellemijn Galjaard</annotator>
        <span start="11391" end="11398" />
        <spannedText>despite</spannedText>
        <creationDate>Sun Jan 16 01:06:26 CET 2022</creationDate>
    </annotation>
    <classMention id="EHOST_Instance_886">
        <mentionClass id="NegCue">despite</mentionClass>
    </classMention>
    <annotation>
        <mention id="EHOST_Instance_887" />
        <annotator id="eHOST_2010">Ellemijn Galjaard</annotator>
        <span start="13891" end="13898" />
        <spannedText>however</spannedText>
        <creationDate>Sun Jan 16 01:07:58 CET 2022</creationDate>
    </annotation>
    <classMention id="EHOST_Instance_887">
        <mentionClass id="NegCue">however</mentionClass>
    </classMention>
    <annotation>
        <mention id="EHOST_Instance_888" />
        <annotator id="eHOST_2010">Ellemijn Galjaard</annotator>
        <span start="13941" end="13952" />
        <spannedText>rather than</spannedText>
        <creationDate>Sun Jan 16 01:08:05 CET 2022</creationDate>
    </annotation>
    <classMention id="EHOST_Instance_888">
        <mentionClass id="MWNC">rather than</mentionClass>
    </classMention>
    <annotation>
        <mention id="EHOST_Instance_889" />
        <annotator id="eHOST_2010">Ellemijn Galjaard</annotator>
        <span start="14630" end="14633" />
        <spannedText>not</spannedText>
        <creationDate>Sun Jan 16 01:08:34 CET 2022</creationDate>
    </annotation>
    <classMention id="EHOST_Instance_889">
        <mentionClass id="NegCue">not</mentionClass>
    </classMention>
    <annotation>
        <mention id="EHOST_Instance_890" />
        <annotator id="eHOST_2010">Ellemijn Galjaard</annotator>
        <span start="14676" end="14679" />
        <spannedText>nor</spannedText>
        <creationDate>Sun Jan 16 01:08:42 CET 2022</creationDate>
    </annotation>
    <classMention id="EHOST_Instance_890">
        <mentionClass id="NegCue">nor</mentionClass>
    </classMention>
    <annotation>
        <mention id="EHOST_Instance_891" />
        <annotator id="eHOST_2010">Ellemijn Galjaard</annotator>
        <span start="14755" end="14762" />
        <spannedText>However</spannedText>
        <creationDate>Sun Jan 16 01:08:48 CET 2022</creationDate>
    </annotation>
    <classMention id="EHOST_Instance_891">
        <mentionClass id="NegCue">However</mentionClass>
    </classMention>
    <annotation>
        <mention id="EHOST_Instance_892" />
        <annotator id="eHOST_2010">Ellemijn Galjaard</annotator>
        <span start="14917" end="14923" />
        <spannedText>disuse</spannedText>
        <creationDate>Sun Jan 16 01:08:56 CET 2022</creationDate>
    </annotation>
    <classMention id="EHOST_Instance_892">
        <mentionClass id="NegCue">disuse</mentionClass>
    </classMention>
    <eHOST_Adjudication_Status version="1.0">
        <Adjudication_Selected_Annotators version="1.0" />
        <Adjudication_Selected_Classes version="1.0" />
        <Adjudication_Others>
            <CHECK_OVERLAPPED_SPANS>false</CHECK_OVERLAPPED_SPANS>
            <CHECK_ATTRIBUTES>false</CHECK_ATTRIBUTES>
            <CHECK_RELATIONSHIP>false</CHECK_RELATIONSHIP>
            <CHECK_CLASS>false</CHECK_CLASS>
            <CHECK_COMMENT>false</CHECK_COMMENT>
        </Adjudication_Others>
    </eHOST_Adjudication_Status>
</annotations>

