<?xml version="1.0" encoding="UTF-8"?>
<annotations textSource="en-wikipedia-org_20170702T222036.txt">
    <annotation>
        <mention id="EHOST_Instance_1035" />
        <annotator id="eHOST_2010">Ellemijn Galjaard</annotator>
        <span start="954" end="956" />
        <spannedText>no</spannedText>
        <creationDate>Sun Jan 16 01:10:09 CET 2022</creationDate>
    </annotation>
    <classMention id="EHOST_Instance_1035">
        <mentionClass id="NegCue">no</mentionClass>
    </classMention>
    <annotation>
        <mention id="EHOST_Instance_1036" />
        <annotator id="eHOST_2010">Ellemijn Galjaard</annotator>
        <span start="1003" end="1006" />
        <spannedText>not</spannedText>
        <creationDate>Sun Jan 16 01:10:15 CET 2022</creationDate>
    </annotation>
    <classMention id="EHOST_Instance_1036">
        <mentionClass id="NegCue">not</mentionClass>
    </classMention>
    <annotation>
        <mention id="EHOST_Instance_1037" />
        <annotator id="eHOST_2010">Ellemijn Galjaard</annotator>
        <span start="1122" end="1125" />
        <spannedText>but</spannedText>
        <creationDate>Sun Jan 16 01:10:23 CET 2022</creationDate>
    </annotation>
    <classMention id="EHOST_Instance_1037">
        <mentionClass id="NegCue">but</mentionClass>
    </classMention>
    <annotation>
        <mention id="EHOST_Instance_1038" />
        <annotator id="eHOST_2010">Ellemijn Galjaard</annotator>
        <span start="1194" end="1197" />
        <spannedText>not</spannedText>
        <creationDate>Sun Jan 16 01:10:32 CET 2022</creationDate>
    </annotation>
    <classMention id="EHOST_Instance_1038">
        <mentionClass id="NegCue">not</mentionClass>
    </classMention>
    <annotation>
        <mention id="EHOST_Instance_1039" />
        <annotator id="eHOST_2010">Ellemijn Galjaard</annotator>
        <span start="2423" end="2434" />
        <spannedText>inactivated</spannedText>
        <creationDate>Sun Jan 16 01:11:09 CET 2022</creationDate>
    </annotation>
    <classMention id="EHOST_Instance_1039">
        <mentionClass id="NegCue">inactivated</mentionClass>
    </classMention>
    <annotation>
        <mention id="EHOST_Instance_1040" />
        <annotator id="eHOST_2010">Ellemijn Galjaard</annotator>
        <span start="3463" end="3468" />
        <spannedText>while</spannedText>
        <creationDate>Sun Jan 16 01:11:44 CET 2022</creationDate>
    </annotation>
    <classMention id="EHOST_Instance_1040">
        <mentionClass id="NegCue">while</mentionClass>
    </classMention>
    <annotation>
        <mention id="EHOST_Instance_1041" />
        <annotator id="eHOST_2010">Ellemijn Galjaard</annotator>
        <span start="3535" end="3538" />
        <spannedText>not</spannedText>
        <creationDate>Sun Jan 16 01:11:48 CET 2022</creationDate>
    </annotation>
    <classMention id="EHOST_Instance_1041">
        <mentionClass id="NegCue">not</mentionClass>
    </classMention>
    <annotation>
        <mention id="EHOST_Instance_1042" />
        <annotator id="eHOST_2010">Ellemijn Galjaard</annotator>
        <span start="5168" end="5171" />
        <spannedText>but</spannedText>
        <creationDate>Sun Jan 16 01:12:28 CET 2022</creationDate>
    </annotation>
    <classMention id="EHOST_Instance_1042">
        <mentionClass id="NegCue">but</mentionClass>
    </classMention>
    <eHOST_Adjudication_Status version="1.0">
        <Adjudication_Selected_Annotators version="1.0" />
        <Adjudication_Selected_Classes version="1.0" />
        <Adjudication_Others>
            <CHECK_OVERLAPPED_SPANS>false</CHECK_OVERLAPPED_SPANS>
            <CHECK_ATTRIBUTES>false</CHECK_ATTRIBUTES>
            <CHECK_RELATIONSHIP>false</CHECK_RELATIONSHIP>
            <CHECK_CLASS>false</CHECK_CLASS>
            <CHECK_COMMENT>false</CHECK_COMMENT>
        </Adjudication_Others>
    </eHOST_Adjudication_Status>
</annotations>

