<?xml version="1.0" encoding="UTF-8"?>
<annotations textSource="fda-gov_20170629T110653.txt">
    <annotation>
        <mention id="EHOST_Instance_1359" />
        <annotator id="eHOST_2010">Ellemijn Galjaard</annotator>
        <span start="343" end="345" />
        <spannedText>no</spannedText>
        <creationDate>Sun Jan 16 01:18:33 CET 2022</creationDate>
    </annotation>
    <classMention id="EHOST_Instance_1359">
        <mentionClass id="NegCue">no</mentionClass>
    </classMention>
    <annotation>
        <mention id="EHOST_Instance_1360" />
        <annotator id="eHOST_2010">Ellemijn Galjaard</annotator>
        <span start="410" end="413" />
        <spannedText>not</spannedText>
        <creationDate>Sun Jan 16 01:18:37 CET 2022</creationDate>
    </annotation>
    <classMention id="EHOST_Instance_1360">
        <mentionClass id="NegCue">not</mentionClass>
    </classMention>
    <annotation>
        <mention id="EHOST_Instance_1361" />
        <annotator id="eHOST_2010">Ellemijn Galjaard</annotator>
        <span start="437" end="444" />
        <spannedText>However</spannedText>
        <creationDate>Sun Jan 16 01:18:43 CET 2022</creationDate>
    </annotation>
    <classMention id="EHOST_Instance_1361">
        <mentionClass id="NegCue">However</mentionClass>
    </classMention>
    <annotation>
        <mention id="EHOST_Instance_1362" />
        <annotator id="eHOST_2010">Ellemijn Galjaard</annotator>
        <span start="1397" end="1400" />
        <spannedText>not</spannedText>
        <creationDate>Sun Jan 16 01:19:13 CET 2022</creationDate>
    </annotation>
    <classMention id="EHOST_Instance_1362">
        <mentionClass id="NegCue">not</mentionClass>
    </classMention>
    <annotation>
        <mention id="EHOST_Instance_1363" />
        <annotator id="eHOST_2010">Ellemijn Galjaard</annotator>
        <span start="1774" end="1776" />
        <spannedText>no</spannedText>
        <creationDate>Sun Jan 16 01:19:23 CET 2022</creationDate>
    </annotation>
    <classMention id="EHOST_Instance_1363">
        <mentionClass id="NegCue">no</mentionClass>
    </classMention>
    <annotation>
        <mention id="EHOST_Instance_1364" />
        <annotator id="eHOST_2010">Ellemijn Galjaard</annotator>
        <span start="2145" end="2147" />
        <spannedText>no</spannedText>
        <creationDate>Sun Jan 16 01:19:40 CET 2022</creationDate>
    </annotation>
    <classMention id="EHOST_Instance_1364">
        <mentionClass id="NegCue">no</mentionClass>
    </classMention>
    <annotation>
        <mention id="EHOST_Instance_1365" />
        <annotator id="eHOST_2010">Ellemijn Galjaard</annotator>
        <span start="3087" end="3090" />
        <spannedText>not</spannedText>
        <creationDate>Sun Jan 16 01:20:14 CET 2022</creationDate>
    </annotation>
    <classMention id="EHOST_Instance_1365">
        <mentionClass id="NegCue">not</mentionClass>
    </classMention>
    <annotation>
        <mention id="EHOST_Instance_1366" />
        <annotator id="eHOST_2010">Ellemijn Galjaard</annotator>
        <span start="3319" end="3322" />
        <spannedText>not</spannedText>
        <creationDate>Sun Jan 16 01:20:27 CET 2022</creationDate>
    </annotation>
    <classMention id="EHOST_Instance_1366">
        <mentionClass id="NegCue">not</mentionClass>
    </classMention>
    <annotation>
        <mention id="EHOST_Instance_1367" />
        <annotator id="eHOST_2010">Ellemijn Galjaard</annotator>
        <span start="3649" end="3655" />
        <spannedText>cannot</spannedText>
        <creationDate>Sun Jan 16 01:20:37 CET 2022</creationDate>
    </annotation>
    <classMention id="EHOST_Instance_1367">
        <mentionClass id="NegCue">cannot</mentionClass>
    </classMention>
    <annotation>
        <mention id="EHOST_Instance_1368" />
        <annotator id="eHOST_2010">Ellemijn Galjaard</annotator>
        <span start="5676" end="5681" />
        <spannedText>don't</spannedText>
        <creationDate>Sun Jan 16 01:21:56 CET 2022</creationDate>
    </annotation>
    <classMention id="EHOST_Instance_1368">
        <mentionClass id="NegCue">don't</mentionClass>
    </classMention>
    <annotation>
        <mention id="EHOST_Instance_1369" />
        <annotator id="eHOST_2010">Ellemijn Galjaard</annotator>
        <span start="5956" end="5959" />
        <spannedText>but</spannedText>
        <creationDate>Sun Jan 16 01:22:07 CET 2022</creationDate>
    </annotation>
    <classMention id="EHOST_Instance_1369">
        <mentionClass id="NegCue">but</mentionClass>
    </classMention>
    <annotation>
        <mention id="EHOST_Instance_1370" />
        <annotator id="eHOST_2010">Ellemijn Galjaard</annotator>
        <span start="6759" end="6762" />
        <spannedText>but</spannedText>
        <creationDate>Sun Jan 16 01:22:27 CET 2022</creationDate>
    </annotation>
    <classMention id="EHOST_Instance_1370">
        <mentionClass id="NegCue">but</mentionClass>
    </classMention>
    <annotation>
        <mention id="EHOST_Instance_1371" />
        <annotator id="eHOST_2010">Ellemijn Galjaard</annotator>
        <span start="7838" end="7841" />
        <spannedText>not</spannedText>
        <creationDate>Sun Jan 16 01:23:20 CET 2022</creationDate>
    </annotation>
    <classMention id="EHOST_Instance_1371">
        <mentionClass id="NegCue">not</mentionClass>
    </classMention>
    <annotation>
        <mention id="EHOST_Instance_1372" />
        <annotator id="eHOST_2010">Ellemijn Galjaard</annotator>
        <span start="7934" end="7937" />
        <spannedText>not</spannedText>
        <creationDate>Sun Jan 16 01:23:26 CET 2022</creationDate>
    </annotation>
    <classMention id="EHOST_Instance_1372">
        <mentionClass id="NegCue">not</mentionClass>
    </classMention>
    <annotation>
        <mention id="EHOST_Instance_1373" />
        <annotator id="eHOST_2010">Ellemijn Galjaard</annotator>
        <span start="8525" end="8528" />
        <spannedText>not</spannedText>
        <creationDate>Sun Jan 16 01:23:42 CET 2022</creationDate>
    </annotation>
    <classMention id="EHOST_Instance_1373">
        <mentionClass id="NegCue">not</mentionClass>
    </classMention>
    <annotation>
        <mention id="EHOST_Instance_1374" />
        <annotator id="eHOST_2010">Ellemijn Galjaard</annotator>
        <span start="9176" end="9179" />
        <spannedText>not</spannedText>
        <creationDate>Sun Jan 16 01:24:00 CET 2022</creationDate>
    </annotation>
    <classMention id="EHOST_Instance_1374">
        <mentionClass id="NegCue">not</mentionClass>
    </classMention>
    <eHOST_Adjudication_Status version="1.0">
        <Adjudication_Selected_Annotators version="1.0" />
        <Adjudication_Selected_Classes version="1.0" />
        <Adjudication_Others>
            <CHECK_OVERLAPPED_SPANS>false</CHECK_OVERLAPPED_SPANS>
            <CHECK_ATTRIBUTES>false</CHECK_ATTRIBUTES>
            <CHECK_RELATIONSHIP>false</CHECK_RELATIONSHIP>
            <CHECK_CLASS>false</CHECK_CLASS>
            <CHECK_COMMENT>false</CHECK_COMMENT>
        </Adjudication_Others>
    </eHOST_Adjudication_Status>
</annotations>

