<?xml version="1.0" encoding="UTF-8"?>
<annotations textSource="fitfortravel-nhs-uk_20160812T165007.txt">
    <annotation>
        <mention id="EHOST_Instance_1193" />
        <annotator id="eHOST_2010">Ellemijn Galjaard</annotator>
        <span start="606" end="612" />
        <spannedText>cannot</spannedText>
        <creationDate>Sun Jan 16 01:13:37 CET 2022</creationDate>
    </annotation>
    <classMention id="EHOST_Instance_1193">
        <mentionClass id="NegCue">cannot</mentionClass>
    </classMention>
    <annotation>
        <mention id="EHOST_Instance_1194" />
        <annotator id="eHOST_2010">Ellemijn Galjaard</annotator>
        <span start="1949" end="1951" />
        <spannedText>No</spannedText>
        <creationDate>Sun Jan 16 01:14:13 CET 2022</creationDate>
    </annotation>
    <classMention id="EHOST_Instance_1194">
        <mentionClass id="NegCue">No</mentionClass>
    </classMention>
    <annotation>
        <mention id="EHOST_Instance_1195" />
        <annotator id="eHOST_2010">Ellemijn Galjaard</annotator>
        <span start="2518" end="2521" />
        <spannedText>but</spannedText>
        <creationDate>Sun Jan 16 01:14:33 CET 2022</creationDate>
    </annotation>
    <classMention id="EHOST_Instance_1195">
        <mentionClass id="NegCue">but</mentionClass>
    </classMention>
    <annotation>
        <mention id="EHOST_Instance_1196" />
        <annotator id="eHOST_2010">Ellemijn Galjaard</annotator>
        <span start="2589" end="2592" />
        <spannedText>not</spannedText>
        <creationDate>Sun Jan 16 01:14:42 CET 2022</creationDate>
    </annotation>
    <classMention id="EHOST_Instance_1196">
        <mentionClass id="NegCue">not</mentionClass>
    </classMention>
    <annotation>
        <mention id="EHOST_Instance_1197" />
        <annotator id="eHOST_2010">Ellemijn Galjaard</annotator>
        <span start="3485" end="3488" />
        <spannedText>but</spannedText>
        <creationDate>Sun Jan 16 01:15:16 CET 2022</creationDate>
    </annotation>
    <classMention id="EHOST_Instance_1197">
        <mentionClass id="NegCue">but</mentionClass>
    </classMention>
    <annotation>
        <mention id="EHOST_Instance_1198" />
        <annotator id="eHOST_2010">Ellemijn Galjaard</annotator>
        <span start="3779" end="3785" />
        <spannedText>cannot</spannedText>
        <creationDate>Sun Jan 16 01:15:26 CET 2022</creationDate>
    </annotation>
    <classMention id="EHOST_Instance_1198">
        <mentionClass id="NegCue">cannot</mentionClass>
    </classMention>
    <annotation>
        <mention id="EHOST_Instance_1199" />
        <annotator id="eHOST_2010">Ellemijn Galjaard</annotator>
        <span start="4040" end="4061" />
        <spannedText>with the exception of</spannedText>
        <creationDate>Sun Jan 16 01:15:42 CET 2022</creationDate>
    </annotation>
    <classMention id="EHOST_Instance_1199">
        <mentionClass id="MWNC">with the exception of</mentionClass>
    </classMention>
    <annotation>
        <mention id="EHOST_Instance_1200" />
        <annotator id="eHOST_2010">Ellemijn Galjaard</annotator>
        <span start="4472" end="4484" />
        <spannedText>antimalarial</spannedText>
        <creationDate>Sun Jan 16 01:15:59 CET 2022</creationDate>
    </annotation>
    <classMention id="EHOST_Instance_1200">
        <mentionClass id="NegCue">antimalarial</mentionClass>
    </classMention>
    <annotation>
        <mention id="EHOST_Instance_1201" />
        <annotator id="eHOST_2010">Ellemijn Galjaard</annotator>
        <span start="4760" end="4762" />
        <spannedText>no</spannedText>
        <creationDate>Sun Jan 16 01:16:27 CET 2022</creationDate>
    </annotation>
    <classMention id="EHOST_Instance_1201">
        <mentionClass id="NegCue">no</mentionClass>
    </classMention>
    <annotation>
        <mention id="EHOST_Instance_1202" />
        <annotator id="eHOST_2010">Ellemijn Galjaard</annotator>
        <span start="4793" end="4796" />
        <spannedText>not</spannedText>
        <creationDate>Sun Jan 16 01:16:31 CET 2022</creationDate>
    </annotation>
    <classMention id="EHOST_Instance_1202">
        <mentionClass id="NegCue">not</mentionClass>
    </classMention>
    <annotation>
        <mention id="EHOST_Instance_1203" />
        <annotator id="eHOST_2010">Ellemijn Galjaard</annotator>
        <span start="4775" end="4788" />
        <spannedText>antimalarials</spannedText>
        <creationDate>Sun Jan 16 01:16:36 CET 2022</creationDate>
    </annotation>
    <classMention id="EHOST_Instance_1203">
        <mentionClass id="NegCue">antimalarials</mentionClass>
    </classMention>
    <annotation>
        <mention id="EHOST_Instance_1204" />
        <annotator id="eHOST_2010">Ellemijn Galjaard</annotator>
        <span start="5763" end="5765" />
        <spannedText>no</spannedText>
        <creationDate>Sun Jan 16 01:17:08 CET 2022</creationDate>
    </annotation>
    <classMention id="EHOST_Instance_1204">
        <mentionClass id="NegCue">no</mentionClass>
    </classMention>
    <annotation>
        <mention id="EHOST_Instance_1205" />
        <annotator id="eHOST_2010">Ellemijn Galjaard</annotator>
        <span start="5987" end="5990" />
        <spannedText>but</spannedText>
        <creationDate>Sun Jan 16 01:17:18 CET 2022</creationDate>
    </annotation>
    <classMention id="EHOST_Instance_1205">
        <mentionClass id="NegCue">but</mentionClass>
    </classMention>
    <annotation>
        <mention id="EHOST_Instance_1206" />
        <annotator id="eHOST_2010">Ellemijn Galjaard</annotator>
        <span start="6220" end="6223" />
        <spannedText>not</spannedText>
        <creationDate>Sun Jan 16 01:17:30 CET 2022</creationDate>
    </annotation>
    <classMention id="EHOST_Instance_1206">
        <mentionClass id="NegCue">not</mentionClass>
    </classMention>
    <annotation>
        <mention id="EHOST_Instance_1207" />
        <annotator id="eHOST_2010">Ellemijn Galjaard</annotator>
        <span start="6457" end="6470" />
        <spannedText>non-essential</spannedText>
        <creationDate>Sun Jan 16 01:17:42 CET 2022</creationDate>
    </annotation>
    <classMention id="EHOST_Instance_1207">
        <mentionClass id="NegCue">non-essential</mentionClass>
    </classMention>
    <annotation>
        <mention id="EHOST_Instance_1208" />
        <annotator id="eHOST_2010">Ellemijn Galjaard</annotator>
        <span start="6587" end="6600" />
        <spannedText>non-essential</spannedText>
        <creationDate>Sun Jan 16 01:17:47 CET 2022</creationDate>
    </annotation>
    <classMention id="EHOST_Instance_1208">
        <mentionClass id="NegCue">non-essential</mentionClass>
    </classMention>
    <eHOST_Adjudication_Status version="1.0">
        <Adjudication_Selected_Annotators version="1.0" />
        <Adjudication_Selected_Classes version="1.0" />
        <Adjudication_Others>
            <CHECK_OVERLAPPED_SPANS>false</CHECK_OVERLAPPED_SPANS>
            <CHECK_ATTRIBUTES>false</CHECK_ATTRIBUTES>
            <CHECK_RELATIONSHIP>false</CHECK_RELATIONSHIP>
            <CHECK_CLASS>false</CHECK_CLASS>
            <CHECK_COMMENT>false</CHECK_COMMENT>
        </Adjudication_Others>
    </eHOST_Adjudication_Status>
</annotations>

