<?xml version="1.0" encoding="UTF-8"?>
<annotations textSource="cdc-gov_20170706T111717.txt">
    <annotation>
        <mention id="EHOST_Instance_2993" />
        <annotator id="01">A2</annotator>
        <span start="812" end="815" />
        <spannedText>not</spannedText>
        <creationDate>Thu Jan 13 22:42:36 CET 2022</creationDate>
    </annotation>
    <classMention id="EHOST_Instance_2993">
        <mentionClass id="NegCue">not</mentionClass>
    </classMention>
    <annotation>
        <mention id="EHOST_Instance_2994" />
        <annotator id="01">A2</annotator>
        <span start="2154" end="2157" />
        <spannedText>not</spannedText>
        <creationDate>Thu Jan 13 23:13:59 CET 2022</creationDate>
    </annotation>
    <classMention id="EHOST_Instance_2994">
        <mentionClass id="NegCue">not</mentionClass>
    </classMention>
    <annotation>
        <mention id="EHOST_Instance_2995" />
        <annotator id="01">A2</annotator>
        <span start="2412" end="2418" />
        <spannedText>cannot</spannedText>
        <creationDate>Thu Jan 13 23:20:32 CET 2022</creationDate>
    </annotation>
    <classMention id="EHOST_Instance_2995">
        <mentionClass id="NegCue">cannot</mentionClass>
    </classMention>
    <annotation>
        <mention id="EHOST_Instance_2996" />
        <annotator id="01">A2</annotator>
        <span start="3177" end="3189" />
        <spannedText>unvaccinated</spannedText>
        <creationDate>Thu Jan 13 23:22:48 CET 2022</creationDate>
    </annotation>
    <classMention id="EHOST_Instance_2996">
        <mentionClass id="NegCue">unvaccinated</mentionClass>
    </classMention>
    <annotation>
        <mention id="EHOST_Instance_2997" />
        <annotator id="01">A2</annotator>
        <span start="4050" end="4053" />
        <spannedText>not</spannedText>
        <creationDate>Fri Jan 14 00:01:12 CET 2022</creationDate>
    </annotation>
    <classMention id="EHOST_Instance_2997">
        <mentionClass id="NegCue">not</mentionClass>
    </classMention>
    <annotation>
        <mention id="EHOST_Instance_2998" />
        <annotator id="01">A2</annotator>
        <span start="4127" end="4130" />
        <spannedText>not</spannedText>
        <creationDate>Fri Jan 14 00:01:17 CET 2022</creationDate>
    </annotation>
    <classMention id="EHOST_Instance_2998">
        <mentionClass id="NegCue">not</mentionClass>
    </classMention>
    <annotation>
        <mention id="EHOST_Instance_2999" />
        <annotator id="01">A2</annotator>
        <span start="5002" end="5004" />
        <spannedText>no</spannedText>
        <creationDate>Fri Jan 14 00:05:28 CET 2022</creationDate>
    </annotation>
    <classMention id="EHOST_Instance_2999">
        <mentionClass id="NegCue">no</mentionClass>
    </classMention>
    <annotation>
        <mention id="EHOST_Instance_3000" />
        <annotator id="01">A2</annotator>
        <span start="5169" end="5171" />
        <spannedText>no</spannedText>
        <creationDate>Fri Jan 14 00:06:35 CET 2022</creationDate>
    </annotation>
    <classMention id="EHOST_Instance_3000">
        <mentionClass id="NegCue">no</mentionClass>
    </classMention>
    <annotation>
        <mention id="EHOST_Instance_3001" />
        <annotator id="01">A2</annotator>
        <span start="5331" end="5334" />
        <spannedText>not</spannedText>
        <creationDate>Fri Jan 14 00:07:14 CET 2022</creationDate>
    </annotation>
    <classMention id="EHOST_Instance_3001">
        <mentionClass id="NegCue">not</mentionClass>
    </classMention>
    <annotation>
        <mention id="EHOST_Instance_3002" />
        <annotator id="01">A2</annotator>
        <span start="6399" end="6402" />
        <spannedText>not</spannedText>
        <creationDate>Fri Jan 14 00:13:34 CET 2022</creationDate>
    </annotation>
    <classMention id="EHOST_Instance_3002">
        <mentionClass id="NegCue">not</mentionClass>
    </classMention>
    <eHOST_Adjudication_Status version="1.0">
        <Adjudication_Selected_Annotators version="1.0" />
        <Adjudication_Selected_Classes version="1.0" />
        <Adjudication_Others>
            <CHECK_OVERLAPPED_SPANS>false</CHECK_OVERLAPPED_SPANS>
            <CHECK_ATTRIBUTES>false</CHECK_ATTRIBUTES>
            <CHECK_RELATIONSHIP>false</CHECK_RELATIONSHIP>
            <CHECK_CLASS>false</CHECK_CLASS>
            <CHECK_COMMENT>false</CHECK_COMMENT>
        </Adjudication_Others>
    </eHOST_Adjudication_Status>
</annotations>

