<?xml version="1.0" encoding="UTF-8"?>
<annotations textSource="cdc-gov_20170703T010627.txt">
    <annotation>
        <mention id="EHOST_Instance_3027" />
        <annotator id="01">A2</annotator>
        <span start="51" end="61" />
        <spannedText>disability</spannedText>
        <creationDate>Fri Jan 14 01:34:03 CET 2022</creationDate>
    </annotation>
    <classMention id="EHOST_Instance_3027">
        <mentionClass id="NegCue">disability</mentionClass>
    </classMention>
    <annotation>
        <mention id="EHOST_Instance_3028" />
        <annotator id="01">A2</annotator>
        <span start="721" end="723" />
        <spannedText>no</spannedText>
        <creationDate>Fri Jan 14 01:47:01 CET 2022</creationDate>
    </annotation>
    <classMention id="EHOST_Instance_3028">
        <mentionClass id="NegCue">no</mentionClass>
    </classMention>
    <annotation>
        <mention id="EHOST_Instance_3029" />
        <annotator id="01">A2</annotator>
        <span start="1012" end="1015" />
        <spannedText>not</spannedText>
        <creationDate>Fri Jan 14 01:47:33 CET 2022</creationDate>
    </annotation>
    <classMention id="EHOST_Instance_3029">
        <mentionClass id="NegCue">not</mentionClass>
    </classMention>
    <annotation>
        <mention id="EHOST_Instance_3030" />
        <annotator id="01">A2</annotator>
        <span start="1353" end="1356" />
        <spannedText>not</spannedText>
        <creationDate>Fri Jan 14 01:49:27 CET 2022</creationDate>
    </annotation>
    <classMention id="EHOST_Instance_3030">
        <mentionClass id="NegCue">not</mentionClass>
    </classMention>
    <annotation>
        <mention id="EHOST_Instance_3031" />
        <annotator id="01">A2</annotator>
        <span start="1567" end="1570" />
        <spannedText>not</spannedText>
        <creationDate>Fri Jan 14 01:49:51 CET 2022</creationDate>
    </annotation>
    <classMention id="EHOST_Instance_3031">
        <mentionClass id="NegCue">not</mentionClass>
    </classMention>
    <annotation>
        <mention id="EHOST_Instance_3032" />
        <annotator id="01">A2</annotator>
        <span start="1846" end="1848" />
        <spannedText>no</spannedText>
        <creationDate>Fri Jan 14 01:50:11 CET 2022</creationDate>
    </annotation>
    <classMention id="EHOST_Instance_3032">
        <mentionClass id="NegCue">no</mentionClass>
    </classMention>
    <annotation>
        <mention id="EHOST_Instance_3033" />
        <annotator id="01">A2</annotator>
        <span start="1913" end="1915" />
        <spannedText>no</spannedText>
        <creationDate>Fri Jan 14 01:50:15 CET 2022</creationDate>
    </annotation>
    <classMention id="EHOST_Instance_3033">
        <mentionClass id="NegCue">no</mentionClass>
    </classMention>
    <annotation>
        <mention id="EHOST_Instance_3034" />
        <annotator id="01">A2</annotator>
        <span start="2295" end="2298" />
        <spannedText>not</spannedText>
        <creationDate>Fri Jan 14 01:50:41 CET 2022</creationDate>
    </annotation>
    <classMention id="EHOST_Instance_3034">
        <mentionClass id="NegCue">not</mentionClass>
    </classMention>
    <annotation>
        <mention id="EHOST_Instance_3035" />
        <annotator id="01">A2</annotator>
        <span start="2446" end="2461" />
        <spannedText>Thimerosal-free</spannedText>
        <creationDate>Fri Jan 14 01:52:08 CET 2022</creationDate>
    </annotation>
    <classMention id="EHOST_Instance_3035">
        <mentionClass id="NegCue">Thimerosal-free</mentionClass>
    </classMention>
    <annotation>
        <mention id="EHOST_Instance_3036" />
        <annotator id="01">A2</annotator>
        <span start="2697" end="2699" />
        <spannedText>no</spannedText>
        <creationDate>Fri Jan 14 01:52:19 CET 2022</creationDate>
    </annotation>
    <classMention id="EHOST_Instance_3036">
        <mentionClass id="NegCue">no</mentionClass>
    </classMention>
    <annotation>
        <mention id="EHOST_Instance_3037" />
        <annotator id="01">A2</annotator>
        <span start="2839" end="2842" />
        <spannedText>not</spannedText>
        <creationDate>Fri Jan 14 01:52:25 CET 2022</creationDate>
    </annotation>
    <classMention id="EHOST_Instance_3037">
        <mentionClass id="NegCue">not</mentionClass>
    </classMention>
    <eHOST_Adjudication_Status version="1.0">
        <Adjudication_Selected_Annotators version="1.0" />
        <Adjudication_Selected_Classes version="1.0" />
        <Adjudication_Others>
            <CHECK_OVERLAPPED_SPANS>false</CHECK_OVERLAPPED_SPANS>
            <CHECK_ATTRIBUTES>false</CHECK_ATTRIBUTES>
            <CHECK_RELATIONSHIP>false</CHECK_RELATIONSHIP>
            <CHECK_CLASS>false</CHECK_CLASS>
            <CHECK_COMMENT>false</CHECK_COMMENT>
        </Adjudication_Others>
    </eHOST_Adjudication_Status>
</annotations>

