<?xml version="1.0" encoding="UTF-8"?>
<annotations textSource="Couples-Resorts-Message-Board_20160822T123023.txt">
    <annotation>
        <mention id="EHOST_Instance_3138" />
        <annotator id="01">A2</annotator>
        <span start="95" end="101" />
        <spannedText>didn't</spannedText>
        <creationDate>Fri Jan 14 01:53:26 CET 2022</creationDate>
    </annotation>
    <classMention id="EHOST_Instance_3138">
        <mentionClass id="NegCue">didn't</mentionClass>
    </classMention>
    <annotation>
        <mention id="EHOST_Instance_3139" />
        <annotator id="01">A2</annotator>
        <span start="309" end="314" />
        <spannedText>don't</spannedText>
        <creationDate>Fri Jan 14 01:53:39 CET 2022</creationDate>
    </annotation>
    <classMention id="EHOST_Instance_3139">
        <mentionClass id="NegCue">don't</mentionClass>
    </classMention>
    <annotation>
        <mention id="EHOST_Instance_3140" />
        <annotator id="01">A2</annotator>
        <span start="398" end="401" />
        <spannedText>not</spannedText>
        <creationDate>Fri Jan 14 01:53:45 CET 2022</creationDate>
    </annotation>
    <classMention id="EHOST_Instance_3140">
        <mentionClass id="NegCue">not</mentionClass>
    </classMention>
    <annotation>
        <mention id="EHOST_Instance_3141" />
        <annotator id="01">A2</annotator>
        <span start="550" end="553" />
        <spannedText>not</spannedText>
        <creationDate>Fri Jan 14 01:53:56 CET 2022</creationDate>
    </annotation>
    <classMention id="EHOST_Instance_3141">
        <mentionClass id="NegCue">not</mentionClass>
    </classMention>
    <annotation>
        <mention id="EHOST_Instance_3142" />
        <annotator id="01">A2</annotator>
        <span start="679" end="684" />
        <spannedText>don't</spannedText>
        <creationDate>Fri Jan 14 01:54:04 CET 2022</creationDate>
    </annotation>
    <classMention id="EHOST_Instance_3142">
        <mentionClass id="NegCue">don't</mentionClass>
    </classMention>
    <annotation>
        <mention id="EHOST_Instance_3143" />
        <annotator id="01">A2</annotator>
        <span start="767" end="770" />
        <spannedText>not</spannedText>
        <creationDate>Fri Jan 14 01:54:07 CET 2022</creationDate>
    </annotation>
    <classMention id="EHOST_Instance_3143">
        <mentionClass id="NegCue">not</mentionClass>
    </classMention>
    <annotation>
        <mention id="EHOST_Instance_3144" />
        <annotator id="01">A2</annotator>
        <span start="850" end="852" />
        <spannedText>no</spannedText>
        <creationDate>Fri Jan 14 01:54:19 CET 2022</creationDate>
    </annotation>
    <classMention id="EHOST_Instance_3144">
        <mentionClass id="NegCue">no</mentionClass>
    </classMention>
    <annotation>
        <mention id="EHOST_Instance_3145" />
        <annotator id="01">A2</annotator>
        <span start="973" end="976" />
        <spannedText>not</spannedText>
        <creationDate>Fri Jan 14 01:54:31 CET 2022</creationDate>
    </annotation>
    <classMention id="EHOST_Instance_3145">
        <mentionClass id="NegCue">not</mentionClass>
    </classMention>
    <annotation>
        <mention id="EHOST_Instance_3146" />
        <annotator id="01">A2</annotator>
        <span start="1202" end="1205" />
        <spannedText>not</spannedText>
        <creationDate>Fri Jan 14 01:54:45 CET 2022</creationDate>
    </annotation>
    <classMention id="EHOST_Instance_3146">
        <mentionClass id="NegCue">not</mentionClass>
    </classMention>
    <eHOST_Adjudication_Status version="1.0">
        <Adjudication_Selected_Annotators version="1.0" />
        <Adjudication_Selected_Classes version="1.0" />
        <Adjudication_Others>
            <CHECK_OVERLAPPED_SPANS>false</CHECK_OVERLAPPED_SPANS>
            <CHECK_ATTRIBUTES>false</CHECK_ATTRIBUTES>
            <CHECK_RELATIONSHIP>false</CHECK_RELATIONSHIP>
            <CHECK_CLASS>false</CHECK_CLASS>
            <CHECK_COMMENT>false</CHECK_COMMENT>
        </Adjudication_Others>
    </eHOST_Adjudication_Status>
</annotations>

