<?xml version="1.0" encoding="UTF-8"?>
<annotations textSource="Daily-Intelligencer_20160903T110638.txt">
    <annotation>
        <mention id="EHOST_Instance_3072" />
        <annotator id="01">A2</annotator>
        <span start="181" end="197" />
        <spannedText>anti-vaccination</spannedText>
        <creationDate>Fri Jan 14 11:10:19 CET 2022</creationDate>
    </annotation>
    <classMention id="EHOST_Instance_3072">
        <mentionClass id="NegCue">anti-vaccination</mentionClass>
    </classMention>
    <annotation>
        <mention id="EHOST_Instance_3073" />
        <annotator id="01">A2</annotator>
        <span start="406" end="418" />
        <spannedText>unvaccinated</spannedText>
        <creationDate>Fri Jan 14 11:10:41 CET 2022</creationDate>
    </annotation>
    <classMention id="EHOST_Instance_3073">
        <mentionClass id="NegCue">unvaccinated</mentionClass>
    </classMention>
    <annotation>
        <mention id="EHOST_Instance_3074" />
        <annotator id="01">A2</annotator>
        <span start="661" end="673" />
        <spannedText>unvaccinated</spannedText>
        <creationDate>Fri Jan 14 11:11:34 CET 2022</creationDate>
    </annotation>
    <classMention id="EHOST_Instance_3074">
        <mentionClass id="NegCue">unvaccinated</mentionClass>
    </classMention>
    <annotation>
        <mention id="EHOST_Instance_3075" />
        <annotator id="01">A2</annotator>
        <span start="844" end="850" />
        <spannedText>aren’t</spannedText>
        <creationDate>Fri Jan 14 11:12:28 CET 2022</creationDate>
    </annotation>
    <classMention id="EHOST_Instance_3075">
        <mentionClass id="NegCue">aren’t</mentionClass>
    </classMention>
    <annotation>
        <mention id="EHOST_Instance_3076" />
        <annotator id="01">A2</annotator>
        <span start="944" end="956" />
        <spannedText>anti-vaxxers</spannedText>
        <creationDate>Fri Jan 14 11:12:53 CET 2022</creationDate>
    </annotation>
    <classMention id="EHOST_Instance_3076">
        <mentionClass id="NegCue">anti-vaxxers</mentionClass>
    </classMention>
    <annotation>
        <mention id="EHOST_Instance_3077" />
        <annotator id="01">A2</annotator>
        <span start="989" end="1005" />
        <spannedText>anti-vaccination</spannedText>
        <creationDate>Fri Jan 14 11:13:12 CET 2022</creationDate>
    </annotation>
    <classMention id="EHOST_Instance_3077">
        <mentionClass id="NegCue">anti-vaccination</mentionClass>
    </classMention>
    <annotation>
        <mention id="EHOST_Instance_3078" />
        <annotator id="01">A2</annotator>
        <span start="1010" end="1025" />
        <spannedText>non-vaccination</spannedText>
        <creationDate>Fri Jan 14 11:13:16 CET 2022</creationDate>
    </annotation>
    <classMention id="EHOST_Instance_3078">
        <mentionClass id="NegCue">non-vaccination</mentionClass>
    </classMention>
    <annotation>
        <mention id="EHOST_Instance_3079" />
        <annotator id="01">A2</annotator>
        <span start="1101" end="1110" />
        <spannedText>dismissal</spannedText>
        <creationDate>Fri Jan 14 11:14:41 CET 2022</creationDate>
    </annotation>
    <classMention id="EHOST_Instance_3079">
        <mentionClass id="NegCue">dismissal</mentionClass>
    </classMention>
    <annotation>
        <mention id="EHOST_Instance_3080" />
        <annotator id="01">A2</annotator>
        <span start="1630" end="1642" />
        <spannedText>anti-vaccine</spannedText>
        <creationDate>Fri Jan 14 11:15:52 CET 2022</creationDate>
    </annotation>
    <classMention id="EHOST_Instance_3080">
        <mentionClass id="NegCue">anti-vaccine</mentionClass>
    </classMention>
    <annotation>
        <mention id="EHOST_Instance_3081" />
        <annotator id="01">A2</annotator>
        <span start="1751" end="1758" />
        <spannedText>haven’t</spannedText>
        <creationDate>Fri Jan 14 11:16:01 CET 2022</creationDate>
    </annotation>
    <classMention id="EHOST_Instance_3081">
        <mentionClass id="NegCue">haven’t</mentionClass>
    </classMention>
    <annotation>
        <mention id="EHOST_Instance_3082" />
        <annotator id="01">A2</annotator>
        <span start="1946" end="1949" />
        <spannedText>Not</spannedText>
        <creationDate>Fri Jan 14 11:16:47 CET 2022</creationDate>
    </annotation>
    <classMention id="EHOST_Instance_3082">
        <mentionClass id="NegCue">Not</mentionClass>
    </classMention>
    <annotation>
        <mention id="EHOST_Instance_3083" />
        <annotator id="01">A2</annotator>
        <span start="2424" end="2431" />
        <spannedText>Nothing</spannedText>
        <creationDate>Fri Jan 14 11:17:49 CET 2022</creationDate>
    </annotation>
    <classMention id="EHOST_Instance_3083">
        <mentionClass id="NegCue">Nothing</mentionClass>
    </classMention>
    <annotation>
        <mention id="EHOST_Instance_3084" />
        <annotator id="01">A2</annotator>
        <span start="2513" end="2521" />
        <spannedText>unvaxxed</spannedText>
        <creationDate>Fri Jan 14 11:18:10 CET 2022</creationDate>
    </annotation>
    <classMention id="EHOST_Instance_3084">
        <mentionClass id="NegCue">unvaxxed</mentionClass>
    </classMention>
    <annotation>
        <mention id="EHOST_Instance_3085" />
        <annotator id="01">A2</annotator>
        <span start="2547" end="2558" />
        <spannedText>non-vaxxers</spannedText>
        <creationDate>Fri Jan 14 11:18:14 CET 2022</creationDate>
    </annotation>
    <classMention id="EHOST_Instance_3085">
        <mentionClass id="NegCue">non-vaxxers</mentionClass>
    </classMention>
    <annotation>
        <mention id="EHOST_Instance_3086" />
        <annotator id="01">A2</annotator>
        <span start="2571" end="2574" />
        <spannedText>not</spannedText>
        <creationDate>Fri Jan 14 11:18:16 CET 2022</creationDate>
    </annotation>
    <classMention id="EHOST_Instance_3086">
        <mentionClass id="NegCue">not</mentionClass>
    </classMention>
    <annotation>
        <mention id="EHOST_Instance_3087" />
        <annotator id="01">A2</annotator>
        <span start="2938" end="2941" />
        <spannedText>not</spannedText>
        <creationDate>Fri Jan 14 11:19:03 CET 2022</creationDate>
    </annotation>
    <classMention id="EHOST_Instance_3087">
        <mentionClass id="NegCue">not</mentionClass>
    </classMention>
    <annotation>
        <mention id="EHOST_Instance_3088" />
        <annotator id="01">A2</annotator>
        <span start="3260" end="3263" />
        <spannedText>not</spannedText>
        <creationDate>Fri Jan 14 11:20:22 CET 2022</creationDate>
    </annotation>
    <classMention id="EHOST_Instance_3088">
        <mentionClass id="NegCue">not</mentionClass>
    </classMention>
    <annotation>
        <mention id="EHOST_Instance_3089" />
        <annotator id="01">A2</annotator>
        <span start="3631" end="3634" />
        <spannedText>not</spannedText>
        <creationDate>Fri Jan 14 11:21:10 CET 2022</creationDate>
    </annotation>
    <classMention id="EHOST_Instance_3089">
        <mentionClass id="NegCue">not</mentionClass>
    </classMention>
    <annotation>
        <mention id="EHOST_Instance_3090" />
        <annotator id="01">A2</annotator>
        <span start="3926" end="3934" />
        <spannedText>anti-vax</spannedText>
        <creationDate>Fri Jan 14 11:21:28 CET 2022</creationDate>
    </annotation>
    <classMention id="EHOST_Instance_3090">
        <mentionClass id="NegCue">anti-vax</mentionClass>
    </classMention>
    <annotation>
        <mention id="EHOST_Instance_3091" />
        <annotator id="01">A2</annotator>
        <span start="3963" end="3966" />
        <spannedText>not</spannedText>
        <creationDate>Fri Jan 14 11:21:48 CET 2022</creationDate>
    </annotation>
    <classMention id="EHOST_Instance_3091">
        <mentionClass id="NegCue">not</mentionClass>
    </classMention>
    <annotation>
        <mention id="EHOST_Instance_3092" />
        <annotator id="01">A2</annotator>
        <span start="3986" end="3994" />
        <spannedText>anti-vax</spannedText>
        <creationDate>Fri Jan 14 11:22:07 CET 2022</creationDate>
    </annotation>
    <classMention id="EHOST_Instance_3092">
        <mentionClass id="NegCue">anti-vax</mentionClass>
    </classMention>
    <annotation>
        <mention id="EHOST_Instance_3093" />
        <annotator id="01">A2</annotator>
        <span start="4056" end="4061" />
        <spannedText>never</spannedText>
        <creationDate>Fri Jan 14 11:22:13 CET 2022</creationDate>
    </annotation>
    <classMention id="EHOST_Instance_3093">
        <mentionClass id="NegCue">never</mentionClass>
    </classMention>
    <annotation>
        <mention id="EHOST_Instance_3094" />
        <annotator id="01">A2</annotator>
        <span start="4490" end="4493" />
        <spannedText>not</spannedText>
        <creationDate>Fri Jan 14 11:22:53 CET 2022</creationDate>
    </annotation>
    <classMention id="EHOST_Instance_3094">
        <mentionClass id="NegCue">not</mentionClass>
    </classMention>
    <annotation>
        <mention id="EHOST_Instance_3095" />
        <annotator id="01">A2</annotator>
        <span start="4963" end="4973" />
        <spannedText>non-vaxxed</spannedText>
        <creationDate>Fri Jan 14 11:24:06 CET 2022</creationDate>
    </annotation>
    <classMention id="EHOST_Instance_3095">
        <mentionClass id="NegCue">non-vaxxed</mentionClass>
    </classMention>
    <annotation>
        <mention id="EHOST_Instance_3096" />
        <annotator id="01">A2</annotator>
        <span start="5133" end="5136" />
        <spannedText>not</spannedText>
        <creationDate>Fri Jan 14 11:24:20 CET 2022</creationDate>
    </annotation>
    <classMention id="EHOST_Instance_3096">
        <mentionClass id="NegCue">not</mentionClass>
    </classMention>
    <annotation>
        <mention id="EHOST_Instance_3097" />
        <annotator id="01">A2</annotator>
        <span start="5272" end="5275" />
        <spannedText>not</spannedText>
        <creationDate>Fri Jan 14 11:24:50 CET 2022</creationDate>
    </annotation>
    <classMention id="EHOST_Instance_3097">
        <mentionClass id="NegCue">not</mentionClass>
    </classMention>
    <annotation>
        <mention id="EHOST_Instance_3098" />
        <annotator id="01">A2</annotator>
        <span start="5408" end="5418" />
        <spannedText>non-vaxers</spannedText>
        <creationDate>Fri Jan 14 11:25:09 CET 2022</creationDate>
    </annotation>
    <classMention id="EHOST_Instance_3098">
        <mentionClass id="NegCue">non-vaxers</mentionClass>
    </classMention>
    <annotation>
        <mention id="EHOST_Instance_3099" />
        <annotator id="01">A2</annotator>
        <span start="5590" end="5592" />
        <spannedText>no</spannedText>
        <creationDate>Fri Jan 14 11:25:26 CET 2022</creationDate>
    </annotation>
    <classMention id="EHOST_Instance_3099">
        <mentionClass id="NegCue">no</mentionClass>
    </classMention>
    <annotation>
        <mention id="EHOST_Instance_3100" />
        <annotator id="01">A2</annotator>
        <span start="5717" end="5721" />
        <spannedText>cant</spannedText>
        <creationDate>Fri Jan 14 11:26:00 CET 2022</creationDate>
    </annotation>
    <classMention id="EHOST_Instance_3100">
        <mentionClass id="NegCue">cant</mentionClass>
    </classMention>
    <annotation>
        <mention id="EHOST_Instance_3101" />
        <annotator id="01">A2</annotator>
        <span start="5680" end="5687" />
        <spannedText>doesn’t</spannedText>
        <creationDate>Fri Jan 14 11:26:03 CET 2022</creationDate>
    </annotation>
    <classMention id="EHOST_Instance_3101">
        <mentionClass id="NegCue">doesn’t</mentionClass>
    </classMention>
    <annotation>
        <mention id="EHOST_Instance_3102" />
        <annotator id="01">A2</annotator>
        <span start="5613" end="5623" />
        <spannedText>Dissenting</spannedText>
        <creationDate>Fri Jan 14 11:27:57 CET 2022</creationDate>
    </annotation>
    <classMention id="EHOST_Instance_3102">
        <mentionClass id="NegCue">Dissenting</mentionClass>
    </classMention>
    <annotation>
        <mention id="EHOST_Instance_3103" />
        <annotator id="01">A2</annotator>
        <span start="5851" end="5853" />
        <spannedText>no</spannedText>
        <creationDate>Fri Jan 14 11:28:10 CET 2022</creationDate>
    </annotation>
    <classMention id="EHOST_Instance_3103">
        <mentionClass id="NegCue">no</mentionClass>
    </classMention>
    <annotation>
        <mention id="EHOST_Instance_3104" />
        <annotator id="01">A2</annotator>
        <span start="6107" end="6110" />
        <spannedText>not</spannedText>
        <creationDate>Fri Jan 14 11:28:29 CET 2022</creationDate>
    </annotation>
    <classMention id="EHOST_Instance_3104">
        <mentionClass id="NegCue">not</mentionClass>
    </classMention>
    <annotation>
        <mention id="EHOST_Instance_3105" />
        <annotator id="01">A2</annotator>
        <span start="6304" end="6314" />
        <spannedText>immaturity</spannedText>
        <creationDate>Fri Jan 14 11:28:49 CET 2022</creationDate>
    </annotation>
    <classMention id="EHOST_Instance_3105">
        <mentionClass id="NegCue">immaturity</mentionClass>
    </classMention>
    <annotation>
        <mention id="EHOST_Instance_3106" />
        <annotator id="01">A2</annotator>
        <span start="6349" end="6359" />
        <spannedText>non-vaxers</spannedText>
        <creationDate>Fri Jan 14 11:29:08 CET 2022</creationDate>
    </annotation>
    <classMention id="EHOST_Instance_3106">
        <mentionClass id="NegCue">non-vaxers</mentionClass>
    </classMention>
    <annotation>
        <mention id="EHOST_Instance_3107" />
        <annotator id="01">A2</annotator>
        <span start="6549" end="6551" />
        <spannedText>No</spannedText>
        <creationDate>Fri Jan 14 11:29:28 CET 2022</creationDate>
    </annotation>
    <classMention id="EHOST_Instance_3107">
        <mentionClass id="NegCue">No</mentionClass>
    </classMention>
    <annotation>
        <mention id="EHOST_Instance_3108" />
        <annotator id="01">A2</annotator>
        <span start="6596" end="6605" />
        <spannedText>disregard</spannedText>
        <creationDate>Fri Jan 14 11:29:44 CET 2022</creationDate>
    </annotation>
    <classMention id="EHOST_Instance_3108">
        <mentionClass id="NegCue">disregard</mentionClass>
    </classMention>
    <annotation>
        <mention id="EHOST_Instance_3109" />
        <annotator id="01">A2</annotator>
        <span start="6672" end="6675" />
        <spannedText>not</spannedText>
        <creationDate>Fri Jan 14 11:29:50 CET 2022</creationDate>
    </annotation>
    <classMention id="EHOST_Instance_3109">
        <mentionClass id="NegCue">not</mentionClass>
    </classMention>
    <annotation>
        <mention id="EHOST_Instance_3110" />
        <annotator id="01">A2</annotator>
        <span start="6582" end="6591" />
        <spannedText>dismissal</spannedText>
        <creationDate>Fri Jan 14 11:30:00 CET 2022</creationDate>
    </annotation>
    <classMention id="EHOST_Instance_3110">
        <mentionClass id="NegCue">dismissal</mentionClass>
    </classMention>
    <annotation>
        <mention id="EHOST_Instance_3111" />
        <annotator id="01">A2</annotator>
        <span start="6280" end="6287" />
        <spannedText>lack of</spannedText>
        <creationDate>Fri Jan 14 11:30:36 CET 2022</creationDate>
    </annotation>
    <classMention id="EHOST_Instance_3111">
        <mentionClass id="MWNC">lack of</mentionClass>
    </classMention>
    <eHOST_Adjudication_Status version="1.0">
        <Adjudication_Selected_Annotators version="1.0" />
        <Adjudication_Selected_Classes version="1.0" />
        <Adjudication_Others>
            <CHECK_OVERLAPPED_SPANS>false</CHECK_OVERLAPPED_SPANS>
            <CHECK_ATTRIBUTES>false</CHECK_ATTRIBUTES>
            <CHECK_RELATIONSHIP>false</CHECK_RELATIONSHIP>
            <CHECK_CLASS>false</CHECK_CLASS>
            <CHECK_COMMENT>false</CHECK_COMMENT>
        </Adjudication_Others>
    </eHOST_Adjudication_Status>
</annotations>

