<?xml version="1.0" encoding="UTF-8"?>
<annotations textSource="dogsnaturallymagazine-com_20160430T211917.txt">
    <annotation>
        <mention id="EHOST_Instance_3038" />
        <annotator id="01">A2</annotator>
        <span start="813" end="821" />
        <spannedText>Wouldn't</spannedText>
        <creationDate>Fri Jan 14 01:55:16 CET 2022</creationDate>
    </annotation>
    <classMention id="EHOST_Instance_3038">
        <mentionClass id="NegCue">Wouldn't</mentionClass>
    </classMention>
    <annotation>
        <mention id="EHOST_Instance_3039" />
        <annotator id="01">A2</annotator>
        <span start="2030" end="2040" />
        <spannedText>distressed</spannedText>
        <creationDate>Fri Jan 14 10:37:34 CET 2022</creationDate>
    </annotation>
    <classMention id="EHOST_Instance_3039">
        <mentionClass id="NegCue">distressed</mentionClass>
    </classMention>
    <annotation>
        <mention id="EHOST_Instance_3040" />
        <annotator id="01">A2</annotator>
        <span start="2350" end="2363" />
        <spannedText>inappropriate</spannedText>
        <creationDate>Fri Jan 14 10:38:16 CET 2022</creationDate>
    </annotation>
    <classMention id="EHOST_Instance_3040">
        <mentionClass id="NegCue">inappropriate</mentionClass>
    </classMention>
    <annotation>
        <mention id="EHOST_Instance_3041" />
        <annotator id="01">A2</annotator>
        <span start="2610" end="2618" />
        <spannedText>couldn’t</spannedText>
        <creationDate>Fri Jan 14 10:39:01 CET 2022</creationDate>
    </annotation>
    <classMention id="EHOST_Instance_3041">
        <mentionClass id="NegCue">couldn’t</mentionClass>
    </classMention>
    <annotation>
        <mention id="EHOST_Instance_3042" />
        <annotator id="01">A2</annotator>
        <span start="2660" end="2670" />
        <spannedText>impossible</spannedText>
        <creationDate>Fri Jan 14 10:39:24 CET 2022</creationDate>
    </annotation>
    <classMention id="EHOST_Instance_3042">
        <mentionClass id="NegCue">impossible</mentionClass>
    </classMention>
    <annotation>
        <mention id="EHOST_Instance_3043" />
        <annotator id="01">A2</annotator>
        <span start="2932" end="2938" />
        <spannedText>aren’t</spannedText>
        <creationDate>Fri Jan 14 10:40:22 CET 2022</creationDate>
    </annotation>
    <classMention id="EHOST_Instance_3043">
        <mentionClass id="NegCue">aren’t</mentionClass>
    </classMention>
    <annotation>
        <mention id="EHOST_Instance_3044" />
        <annotator id="01">A2</annotator>
        <span start="3193" end="3202" />
        <spannedText>unhealthy</spannedText>
        <creationDate>Fri Jan 14 10:41:51 CET 2022</creationDate>
    </annotation>
    <classMention id="EHOST_Instance_3044">
        <mentionClass id="NegCue">unhealthy</mentionClass>
    </classMention>
    <annotation>
        <mention id="EHOST_Instance_3045" />
        <annotator id="01">A2</annotator>
        <span start="3240" end="3251" />
        <spannedText>irreparable</spannedText>
        <creationDate>Fri Jan 14 10:42:00 CET 2022</creationDate>
    </annotation>
    <classMention id="EHOST_Instance_3045">
        <mentionClass id="NegCue">irreparable</mentionClass>
    </classMention>
    <annotation>
        <mention id="EHOST_Instance_3046" />
        <annotator id="01">A2</annotator>
        <span start="3422" end="3425" />
        <spannedText>not</spannedText>
        <creationDate>Fri Jan 14 10:43:56 CET 2022</creationDate>
    </annotation>
    <classMention id="EHOST_Instance_3046">
        <mentionClass id="NegCue">not</mentionClass>
    </classMention>
    <annotation>
        <mention id="EHOST_Instance_3047" />
        <annotator id="01">A2</annotator>
        <span start="3505" end="3512" />
        <spannedText>neither</spannedText>
        <creationDate>Fri Jan 14 10:44:06 CET 2022</creationDate>
    </annotation>
    <classMention id="EHOST_Instance_3047">
        <mentionClass id="NegCue">neither</mentionClass>
    </classMention>
    <annotation>
        <mention id="EHOST_Instance_3048" />
        <annotator id="01">A2</annotator>
        <span start="3665" end="3670" />
        <spannedText>Never</spannedText>
        <creationDate>Fri Jan 14 10:44:31 CET 2022</creationDate>
    </annotation>
    <classMention id="EHOST_Instance_3048">
        <mentionClass id="NegCue">Never</mentionClass>
    </classMention>
    <annotation>
        <mention id="EHOST_Instance_3049" />
        <annotator id="01">A2</annotator>
        <span start="3923" end="3930" />
        <spannedText>doesn’t</spannedText>
        <creationDate>Fri Jan 14 10:45:33 CET 2022</creationDate>
    </annotation>
    <classMention id="EHOST_Instance_3049">
        <mentionClass id="NegCue">doesn’t</mentionClass>
    </classMention>
    <annotation>
        <mention id="EHOST_Instance_3050" />
        <annotator id="01">A2</annotator>
        <span start="3968" end="3973" />
        <spannedText>won’t</spannedText>
        <creationDate>Fri Jan 14 10:45:43 CET 2022</creationDate>
    </annotation>
    <classMention id="EHOST_Instance_3050">
        <mentionClass id="NegCue">won’t</mentionClass>
    </classMention>
    <annotation>
        <mention id="EHOST_Instance_3051" />
        <annotator id="01">A2</annotator>
        <span start="4107" end="4116" />
        <spannedText>unhealthy</spannedText>
        <creationDate>Fri Jan 14 10:46:14 CET 2022</creationDate>
    </annotation>
    <classMention id="EHOST_Instance_3051">
        <mentionClass id="NegCue">unhealthy</mentionClass>
    </classMention>
    <annotation>
        <mention id="EHOST_Instance_3052" />
        <annotator id="01">A2</annotator>
        <span start="4321" end="4326" />
        <spannedText>Don’t</spannedText>
        <creationDate>Fri Jan 14 10:46:53 CET 2022</creationDate>
    </annotation>
    <classMention id="EHOST_Instance_3052">
        <mentionClass id="NegCue">Don’t</mentionClass>
    </classMention>
    <annotation>
        <mention id="EHOST_Instance_3053" />
        <annotator id="01">A2</annotator>
        <span start="4872" end="4875" />
        <spannedText>not</spannedText>
        <creationDate>Fri Jan 14 10:48:02 CET 2022</creationDate>
    </annotation>
    <classMention id="EHOST_Instance_3053">
        <mentionClass id="NegCue">not</mentionClass>
    </classMention>
    <annotation>
        <mention id="EHOST_Instance_3054" />
        <annotator id="01">A2</annotator>
        <span start="4984" end="4987" />
        <spannedText>not</spannedText>
        <creationDate>Fri Jan 14 10:48:10 CET 2022</creationDate>
    </annotation>
    <classMention id="EHOST_Instance_3054">
        <mentionClass id="NegCue">not</mentionClass>
    </classMention>
    <annotation>
        <mention id="EHOST_Instance_3055" />
        <annotator id="01">A2</annotator>
        <span start="5141" end="5146" />
        <spannedText>don’t</spannedText>
        <creationDate>Fri Jan 14 10:49:38 CET 2022</creationDate>
    </annotation>
    <classMention id="EHOST_Instance_3055">
        <mentionClass id="NegCue">don’t</mentionClass>
    </classMention>
    <annotation>
        <mention id="EHOST_Instance_3056" />
        <annotator id="01">A2</annotator>
        <span start="5370" end="5385" />
        <spannedText>Thimerosol-free</spannedText>
        <creationDate>Fri Jan 14 10:50:30 CET 2022</creationDate>
    </annotation>
    <classMention id="EHOST_Instance_3056">
        <mentionClass id="NegCue">Thimerosol-free</mentionClass>
    </classMention>
    <annotation>
        <mention id="EHOST_Instance_3057" />
        <annotator id="01">A2</annotator>
        <span start="5508" end="5522" />
        <spannedText>thimersol-free</spannedText>
        <creationDate>Fri Jan 14 10:50:44 CET 2022</creationDate>
    </annotation>
    <classMention id="EHOST_Instance_3057">
        <mentionClass id="NegCue">thimersol-free</mentionClass>
    </classMention>
    <annotation>
        <mention id="EHOST_Instance_3058" />
        <annotator id="01">A2</annotator>
        <span start="5619" end="5626" />
        <spannedText>doesn’t</spannedText>
        <creationDate>Fri Jan 14 10:50:52 CET 2022</creationDate>
    </annotation>
    <classMention id="EHOST_Instance_3058">
        <mentionClass id="NegCue">doesn’t</mentionClass>
    </classMention>
    <annotation>
        <mention id="EHOST_Instance_3059" />
        <annotator id="01">A2</annotator>
        <span start="5744" end="5751" />
        <spannedText>doesn’t</spannedText>
        <creationDate>Fri Jan 14 10:50:58 CET 2022</creationDate>
    </annotation>
    <classMention id="EHOST_Instance_3059">
        <mentionClass id="NegCue">doesn’t</mentionClass>
    </classMention>
    <annotation>
        <mention id="EHOST_Instance_3060" />
        <annotator id="01">A2</annotator>
        <span start="6425" end="6430" />
        <spannedText>Don’t</spannedText>
        <creationDate>Fri Jan 14 10:54:11 CET 2022</creationDate>
    </annotation>
    <classMention id="EHOST_Instance_3060">
        <mentionClass id="NegCue">Don’t</mentionClass>
    </classMention>
    <annotation>
        <mention id="EHOST_Instance_3061" />
        <annotator id="01">A2</annotator>
        <span start="6510" end="6521" />
        <spannedText>for lack of</spannedText>
        <creationDate>Fri Jan 14 10:56:12 CET 2022</creationDate>
    </annotation>
    <classMention id="EHOST_Instance_3061">
        <mentionClass id="MWNC">for lack of</mentionClass>
    </classMention>
    <annotation>
        <mention id="EHOST_Instance_3062" />
        <annotator id="01">A2</annotator>
        <span start="6716" end="6722" />
        <spannedText>cannot</spannedText>
        <creationDate>Fri Jan 14 10:56:20 CET 2022</creationDate>
    </annotation>
    <classMention id="EHOST_Instance_3062">
        <mentionClass id="NegCue">cannot</mentionClass>
    </classMention>
    <annotation>
        <mention id="EHOST_Instance_3063" />
        <annotator id="01">A2</annotator>
        <span start="7079" end="7082" />
        <spannedText>not</spannedText>
        <creationDate>Fri Jan 14 10:56:53 CET 2022</creationDate>
    </annotation>
    <classMention id="EHOST_Instance_3063">
        <mentionClass id="NegCue">not</mentionClass>
    </classMention>
    <annotation>
        <mention id="EHOST_Instance_3064" />
        <annotator id="01">A2</annotator>
        <span start="7128" end="7131" />
        <spannedText>not</spannedText>
        <creationDate>Fri Jan 14 10:56:54 CET 2022</creationDate>
    </annotation>
    <classMention id="EHOST_Instance_3064">
        <mentionClass id="NegCue">not</mentionClass>
    </classMention>
    <annotation>
        <mention id="EHOST_Instance_3065" />
        <annotator id="01">A2</annotator>
        <span start="7223" end="7233" />
        <spannedText>unprepared</spannedText>
        <creationDate>Fri Jan 14 10:57:30 CET 2022</creationDate>
    </annotation>
    <classMention id="EHOST_Instance_3065">
        <mentionClass id="NegCue">unprepared</mentionClass>
    </classMention>
    <annotation>
        <mention id="EHOST_Instance_3066" />
        <annotator id="01">A2</annotator>
        <span start="7767" end="7778" />
        <spannedText>unnecessary</spannedText>
        <creationDate>Fri Jan 14 10:59:04 CET 2022</creationDate>
    </annotation>
    <classMention id="EHOST_Instance_3066">
        <mentionClass id="NegCue">unnecessary</mentionClass>
    </classMention>
    <annotation>
        <mention id="EHOST_Instance_3067" />
        <annotator id="01">A2</annotator>
        <span start="7819" end="7828" />
        <spannedText>nonprofit</spannedText>
        <creationDate>Fri Jan 14 10:59:11 CET 2022</creationDate>
    </annotation>
    <classMention id="EHOST_Instance_3067">
        <mentionClass id="NegCue">nonprofit</mentionClass>
    </classMention>
    <annotation>
        <mention id="EHOST_Instance_3068" />
        <annotator id="01">A2</annotator>
        <span start="8182" end="8190" />
        <spannedText>Poopless</spannedText>
        <creationDate>Fri Jan 14 11:07:55 CET 2022</creationDate>
    </annotation>
    <classMention id="EHOST_Instance_3068">
        <mentionClass id="NegCue">Poopless</mentionClass>
    </classMention>
    <annotation>
        <mention id="EHOST_Instance_3069" />
        <annotator id="01">A2</annotator>
        <span start="8261" end="8266" />
        <spannedText>Don't</spannedText>
        <creationDate>Fri Jan 14 11:08:00 CET 2022</creationDate>
    </annotation>
    <classMention id="EHOST_Instance_3069">
        <mentionClass id="NegCue">Don't</mentionClass>
    </classMention>
    <annotation>
        <mention id="EHOST_Instance_3070" />
        <annotator id="01">A2</annotator>
        <span start="9715" end="9718" />
        <spannedText>not</spannedText>
        <creationDate>Fri Jan 14 11:08:51 CET 2022</creationDate>
    </annotation>
    <classMention id="EHOST_Instance_3070">
        <mentionClass id="NegCue">not</mentionClass>
    </classMention>
    <annotation>
        <mention id="EHOST_Instance_3071" />
        <annotator id="01">A2</annotator>
        <span start="10063" end="10066" />
        <spannedText>not</spannedText>
        <creationDate>Fri Jan 14 11:09:10 CET 2022</creationDate>
    </annotation>
    <classMention id="EHOST_Instance_3071">
        <mentionClass id="NegCue">not</mentionClass>
    </classMention>
    <eHOST_Adjudication_Status version="1.0">
        <Adjudication_Selected_Annotators version="1.0" />
        <Adjudication_Selected_Classes version="1.0" />
        <Adjudication_Others>
            <CHECK_OVERLAPPED_SPANS>false</CHECK_OVERLAPPED_SPANS>
            <CHECK_ATTRIBUTES>false</CHECK_ATTRIBUTES>
            <CHECK_RELATIONSHIP>false</CHECK_RELATIONSHIP>
            <CHECK_CLASS>false</CHECK_CLASS>
            <CHECK_COMMENT>false</CHECK_COMMENT>
        </Adjudication_Others>
    </eHOST_Adjudication_Status>
</annotations>

