<?xml version="1.0" encoding="UTF-8"?>
<annotations textSource="emergency-cdc-gov_20170616T203204.txt">
    <annotation>
        <mention id="EHOST_Instance_2983" />
        <annotator id="01">A2</annotator>
        <span start="2300" end="2312" />
        <spannedText>unvaccinated</spannedText>
        <creationDate>Fri Jan 14 12:33:18 CET 2022</creationDate>
    </annotation>
    <classMention id="EHOST_Instance_2983">
        <mentionClass id="NegCue">unvaccinated</mentionClass>
    </classMention>
    <annotation>
        <mention id="EHOST_Instance_2984" />
        <annotator id="01">A2</annotator>
        <span start="2413" end="2415" />
        <spannedText>no</spannedText>
        <creationDate>Fri Jan 14 12:33:22 CET 2022</creationDate>
    </annotation>
    <classMention id="EHOST_Instance_2984">
        <mentionClass id="NegCue">no</mentionClass>
    </classMention>
    <annotation>
        <mention id="EHOST_Instance_2985" />
        <annotator id="01">A2</annotator>
        <span start="2861" end="2873" />
        <spannedText>unvaccinated</spannedText>
        <creationDate>Fri Jan 14 12:34:40 CET 2022</creationDate>
    </annotation>
    <classMention id="EHOST_Instance_2985">
        <mentionClass id="NegCue">unvaccinated</mentionClass>
    </classMention>
    <annotation>
        <mention id="EHOST_Instance_2986" />
        <annotator id="01">A2</annotator>
        <span start="2888" end="2895" />
        <spannedText>unknown</spannedText>
        <creationDate>Fri Jan 14 12:34:45 CET 2022</creationDate>
    </annotation>
    <classMention id="EHOST_Instance_2986">
        <mentionClass id="NegCue">unknown</mentionClass>
    </classMention>
    <annotation>
        <mention id="EHOST_Instance_2987" />
        <annotator id="01">A2</annotator>
        <span start="3043" end="3055" />
        <spannedText>unvaccinated</spannedText>
        <creationDate>Fri Jan 14 12:34:52 CET 2022</creationDate>
    </annotation>
    <classMention id="EHOST_Instance_2987">
        <mentionClass id="NegCue">unvaccinated</mentionClass>
    </classMention>
    <annotation>
        <mention id="EHOST_Instance_2988" />
        <annotator id="01">A2</annotator>
        <span start="3483" end="3486" />
        <spannedText>not</spannedText>
        <creationDate>Fri Jan 14 12:35:15 CET 2022</creationDate>
    </annotation>
    <classMention id="EHOST_Instance_2988">
        <mentionClass id="NegCue">not</mentionClass>
    </classMention>
    <annotation>
        <mention id="EHOST_Instance_2989" />
        <annotator id="01">A2</annotator>
        <span start="3881" end="3893" />
        <spannedText>unvaccinated</spannedText>
        <creationDate>Fri Jan 14 12:35:35 CET 2022</creationDate>
    </annotation>
    <classMention id="EHOST_Instance_2989">
        <mentionClass id="NegCue">unvaccinated</mentionClass>
    </classMention>
    <annotation>
        <mention id="EHOST_Instance_2990" />
        <annotator id="01">A2</annotator>
        <span start="4552" end="4557" />
        <spannedText>never</spannedText>
        <creationDate>Fri Jan 14 12:36:54 CET 2022</creationDate>
    </annotation>
    <classMention id="EHOST_Instance_2990">
        <mentionClass id="NegCue">never</mentionClass>
    </classMention>
    <annotation>
        <mention id="EHOST_Instance_2991" />
        <annotator id="01">A2</annotator>
        <span start="5106" end="5114" />
        <spannedText>atypical</spannedText>
        <creationDate>Fri Jan 14 12:41:43 CET 2022</creationDate>
    </annotation>
    <classMention id="EHOST_Instance_2991">
        <mentionClass id="NegCue">atypical</mentionClass>
    </classMention>
    <annotation>
        <mention id="EHOST_Instance_2992" />
        <annotator id="01">A2</annotator>
        <span start="5694" end="5701" />
        <spannedText>against</spannedText>
        <creationDate>Fri Jan 14 12:42:58 CET 2022</creationDate>
    </annotation>
    <classMention id="EHOST_Instance_2992">
        <mentionClass id="NegCue">against</mentionClass>
    </classMention>
    <eHOST_Adjudication_Status version="1.0">
        <Adjudication_Selected_Annotators version="1.0" />
        <Adjudication_Selected_Classes version="1.0" />
        <Adjudication_Others>
            <CHECK_OVERLAPPED_SPANS>false</CHECK_OVERLAPPED_SPANS>
            <CHECK_ATTRIBUTES>false</CHECK_ATTRIBUTES>
            <CHECK_RELATIONSHIP>false</CHECK_RELATIONSHIP>
            <CHECK_CLASS>false</CHECK_CLASS>
            <CHECK_COMMENT>false</CHECK_COMMENT>
        </Adjudication_Others>
    </eHOST_Adjudication_Status>
</annotations>

