<?xml version="1.0" encoding="UTF-8"?>
<annotations textSource="en-wikipedia-org_20170318T104602.txt">
    <annotation>
        <mention id="EHOST_Instance_3003" />
        <annotator id="01">A2</annotator>
        <span start="152" end="161" />
        <spannedText>redirects</spannedText>
        <creationDate>Fri Jan 14 00:17:37 CET 2022</creationDate>
    </annotation>
    <classMention id="EHOST_Instance_3003">
        <mentionClass id="NegCue">redirects</mentionClass>
    </classMention>
    <annotation>
        <mention id="EHOST_Instance_3004" />
        <annotator id="01">A2</annotator>
        <span start="1183" end="1192" />
        <spannedText>antitoxin</spannedText>
        <creationDate>Fri Jan 14 00:24:31 CET 2022</creationDate>
    </annotation>
    <classMention id="EHOST_Instance_3004">
        <mentionClass id="NegCue">antitoxin</mentionClass>
    </classMention>
    <annotation>
        <mention id="EHOST_Instance_3005" />
        <annotator id="01">A2</annotator>
        <span start="1315" end="1327" />
        <spannedText>nontechnical</spannedText>
        <creationDate>Fri Jan 14 00:25:12 CET 2022</creationDate>
    </annotation>
    <classMention id="EHOST_Instance_3005">
        <mentionClass id="NegCue">nontechnical</mentionClass>
    </classMention>
    <annotation>
        <mention id="EHOST_Instance_3006" />
        <annotator id="01">A2</annotator>
        <span start="1456" end="1459" />
        <spannedText>not</spannedText>
        <creationDate>Fri Jan 14 00:26:33 CET 2022</creationDate>
    </annotation>
    <classMention id="EHOST_Instance_3006">
        <mentionClass id="NegCue">not</mentionClass>
    </classMention>
    <annotation>
        <mention id="EHOST_Instance_3007" />
        <annotator id="01">A2</annotator>
        <span start="1522" end="1525" />
        <spannedText>not</spannedText>
        <creationDate>Fri Jan 14 00:27:45 CET 2022</creationDate>
    </annotation>
    <classMention id="EHOST_Instance_3007">
        <mentionClass id="NegCue">not</mentionClass>
    </classMention>
    <annotation>
        <mention id="EHOST_Instance_3008" />
        <annotator id="01">A2</annotator>
        <span start="2321" end="2330" />
        <spannedText>incorrect</spannedText>
        <creationDate>Fri Jan 14 00:31:18 CET 2022</creationDate>
    </annotation>
    <classMention id="EHOST_Instance_3008">
        <mentionClass id="NegCue">incorrect</mentionClass>
    </classMention>
    <annotation>
        <mention id="EHOST_Instance_3009" />
        <annotator id="01">A2</annotator>
        <span start="2434" end="2437" />
        <spannedText>not</spannedText>
        <creationDate>Fri Jan 14 00:31:45 CET 2022</creationDate>
    </annotation>
    <classMention id="EHOST_Instance_3009">
        <mentionClass id="NegCue">not</mentionClass>
    </classMention>
    <annotation>
        <mention id="EHOST_Instance_3010" />
        <annotator id="01">A2</annotator>
        <span start="3659" end="3671" />
        <spannedText>unexpectedly</spannedText>
        <creationDate>Fri Jan 14 00:38:33 CET 2022</creationDate>
    </annotation>
    <classMention id="EHOST_Instance_3010">
        <mentionClass id="NegCue">unexpectedly</mentionClass>
    </classMention>
    <annotation>
        <mention id="EHOST_Instance_3011" />
        <annotator id="01">A2</annotator>
        <span start="3722" end="3725" />
        <spannedText>not</spannedText>
        <creationDate>Fri Jan 14 00:38:38 CET 2022</creationDate>
    </annotation>
    <classMention id="EHOST_Instance_3011">
        <mentionClass id="NegCue">not</mentionClass>
    </classMention>
    <annotation>
        <mention id="EHOST_Instance_3012" />
        <annotator id="01">A2</annotator>
        <span start="3923" end="3926" />
        <spannedText>not</spannedText>
        <creationDate>Fri Jan 14 00:38:56 CET 2022</creationDate>
    </annotation>
    <classMention id="EHOST_Instance_3012">
        <mentionClass id="NegCue">not</mentionClass>
    </classMention>
    <annotation>
        <mention id="EHOST_Instance_3013" />
        <annotator id="01">A2</annotator>
        <span start="5152" end="5154" />
        <spannedText>no</spannedText>
        <creationDate>Fri Jan 14 00:45:39 CET 2022</creationDate>
    </annotation>
    <classMention id="EHOST_Instance_3013">
        <mentionClass id="NegCue">no</mentionClass>
    </classMention>
    <annotation>
        <mention id="EHOST_Instance_3014" />
        <annotator id="01">A2</annotator>
        <span start="5375" end="5378" />
        <spannedText>not</spannedText>
        <creationDate>Fri Jan 14 00:47:12 CET 2022</creationDate>
    </annotation>
    <classMention id="EHOST_Instance_3014">
        <mentionClass id="NegCue">not</mentionClass>
    </classMention>
    <annotation>
        <mention id="EHOST_Instance_3015" />
        <annotator id="01">A2</annotator>
        <span start="5637" end="5645" />
        <spannedText>diffuses</spannedText>
        <creationDate>Fri Jan 14 00:55:30 CET 2022</creationDate>
    </annotation>
    <classMention id="EHOST_Instance_3015">
        <mentionClass id="NegCue">diffuses</mentionClass>
    </classMention>
    <annotation>
        <mention id="EHOST_Instance_3016" />
        <annotator id="01">A2</annotator>
        <span start="5934" end="5943" />
        <spannedText>unhappily</spannedText>
        <creationDate>Fri Jan 14 00:56:51 CET 2022</creationDate>
    </annotation>
    <classMention id="EHOST_Instance_3016">
        <mentionClass id="NegCue">unhappily</mentionClass>
    </classMention>
    <annotation>
        <mention id="EHOST_Instance_3017" />
        <annotator id="01">A2</annotator>
        <span start="6404" end="6407" />
        <spannedText>not</spannedText>
        <creationDate>Fri Jan 14 00:57:45 CET 2022</creationDate>
    </annotation>
    <classMention id="EHOST_Instance_3017">
        <mentionClass id="NegCue">not</mentionClass>
    </classMention>
    <annotation>
        <mention id="EHOST_Instance_3018" />
        <annotator id="01">A2</annotator>
        <span start="6683" end="6696" />
        <spannedText>independently</spannedText>
        <creationDate>Fri Jan 14 00:59:22 CET 2022</creationDate>
    </annotation>
    <classMention id="EHOST_Instance_3018">
        <mentionClass id="NegCue">independently</mentionClass>
    </classMention>
    <annotation>
        <mention id="EHOST_Instance_3019" />
        <annotator id="01">A2</annotator>
        <span start="6992" end="7005" />
        <spannedText>imperceptible</spannedText>
        <creationDate>Fri Jan 14 00:59:49 CET 2022</creationDate>
    </annotation>
    <classMention id="EHOST_Instance_3019">
        <mentionClass id="NegCue">imperceptible</mentionClass>
    </classMention>
    <annotation>
        <mention id="EHOST_Instance_3020" />
        <annotator id="01">A2</annotator>
        <span start="7131" end="7134" />
        <spannedText>not</spannedText>
        <creationDate>Fri Jan 14 00:59:59 CET 2022</creationDate>
    </annotation>
    <classMention id="EHOST_Instance_3020">
        <mentionClass id="NegCue">not</mentionClass>
    </classMention>
    <annotation>
        <mention id="EHOST_Instance_3021" />
        <annotator id="01">A2</annotator>
        <span start="7412" end="7421" />
        <spannedText>immediate</spannedText>
        <creationDate>Fri Jan 14 01:01:01 CET 2022</creationDate>
    </annotation>
    <classMention id="EHOST_Instance_3021">
        <mentionClass id="NegCue">immediate</mentionClass>
    </classMention>
    <annotation>
        <mention id="EHOST_Instance_3022" />
        <annotator id="01">A2</annotator>
        <span start="8420" end="8422" />
        <spannedText>no</spannedText>
        <creationDate>Fri Jan 14 01:05:08 CET 2022</creationDate>
    </annotation>
    <classMention id="EHOST_Instance_3022">
        <mentionClass id="NegCue">no</mentionClass>
    </classMention>
    <annotation>
        <mention id="EHOST_Instance_3023" />
        <annotator id="01">A2</annotator>
        <span start="11172" end="11178" />
        <spannedText>unable</spannedText>
        <creationDate>Fri Jan 14 01:10:30 CET 2022</creationDate>
    </annotation>
    <classMention id="EHOST_Instance_3023">
        <mentionClass id="NegCue">unable</mentionClass>
    </classMention>
    <annotation>
        <mention id="EHOST_Instance_3024" />
        <annotator id="01">A2</annotator>
        <span start="12493" end="12503" />
        <spannedText>outweighed</spannedText>
        <creationDate>Fri Jan 14 01:17:43 CET 2022</creationDate>
    </annotation>
    <classMention id="EHOST_Instance_3024">
        <mentionClass id="NegCue">outweighed</mentionClass>
    </classMention>
    <annotation>
        <mention id="EHOST_Instance_3025" />
        <annotator id="01">A2</annotator>
        <span start="14561" end="14610" />
        <spannedText>not the first person to inoculate with cowpox nor</spannedText>
        <creationDate>Fri Jan 14 01:32:53 CET 2022</creationDate>
    </annotation>
    <classMention id="EHOST_Instance_3025">
        <mentionClass id="MWNC">not the first person to inoculate with cowpox nor</mentionClass>
    </classMention>
    <annotation>
        <mention id="EHOST_Instance_3026" />
        <annotator id="01">A2</annotator>
        <span start="14848" end="14854" />
        <spannedText>disuse</spannedText>
        <creationDate>Fri Jan 14 01:33:26 CET 2022</creationDate>
    </annotation>
    <classMention id="EHOST_Instance_3026">
        <mentionClass id="NegCue">disuse</mentionClass>
    </classMention>
    <eHOST_Adjudication_Status version="1.0">
        <Adjudication_Selected_Annotators version="1.0" />
        <Adjudication_Selected_Classes version="1.0" />
        <Adjudication_Others>
            <CHECK_OVERLAPPED_SPANS>false</CHECK_OVERLAPPED_SPANS>
            <CHECK_ATTRIBUTES>false</CHECK_ATTRIBUTES>
            <CHECK_RELATIONSHIP>false</CHECK_RELATIONSHIP>
            <CHECK_CLASS>false</CHECK_CLASS>
            <CHECK_COMMENT>false</CHECK_COMMENT>
        </Adjudication_Others>
    </eHOST_Adjudication_Status>
</annotations>

