<?xml version="1.0" encoding="UTF-8"?>
<annotations textSource="en-wikipedia-org_20170702T222036.txt">
    <annotation>
        <mention id="EHOST_Instance_3112" />
        <annotator id="01">A2</annotator>
        <span start="954" end="956" />
        <spannedText>no</spannedText>
        <creationDate>Fri Jan 14 11:34:57 CET 2022</creationDate>
    </annotation>
    <classMention id="EHOST_Instance_3112">
        <mentionClass id="NegCue">no</mentionClass>
    </classMention>
    <annotation>
        <mention id="EHOST_Instance_3113" />
        <annotator id="01">A2</annotator>
        <span start="1003" end="1006" />
        <spannedText>not</spannedText>
        <creationDate>Fri Jan 14 11:35:17 CET 2022</creationDate>
    </annotation>
    <classMention id="EHOST_Instance_3113">
        <mentionClass id="NegCue">not</mentionClass>
    </classMention>
    <annotation>
        <mention id="EHOST_Instance_3114" />
        <annotator id="01">A2</annotator>
        <span start="957" end="973" />
        <spannedText>contraindication</spannedText>
        <creationDate>Fri Jan 14 11:36:09 CET 2022</creationDate>
    </annotation>
    <classMention id="EHOST_Instance_3114">
        <mentionClass id="NegCue">contraindication</mentionClass>
    </classMention>
    <annotation>
        <mention id="EHOST_Instance_3115" />
        <annotator id="01">A2</annotator>
        <span start="1194" end="1197" />
        <spannedText>not</spannedText>
        <creationDate>Fri Jan 14 11:36:29 CET 2022</creationDate>
    </annotation>
    <classMention id="EHOST_Instance_3115">
        <mentionClass id="NegCue">not</mentionClass>
    </classMention>
    <annotation>
        <mention id="EHOST_Instance_3116" />
        <annotator id="01">A2</annotator>
        <span start="2086" end="2089" />
        <spannedText>not</spannedText>
        <creationDate>Fri Jan 14 11:38:41 CET 2022</creationDate>
    </annotation>
    <classMention id="EHOST_Instance_3116">
        <mentionClass id="NegCue">not</mentionClass>
    </classMention>
    <annotation>
        <mention id="EHOST_Instance_3117" />
        <annotator id="01">A2</annotator>
        <span start="2423" end="2434" />
        <spannedText>inactivated</spannedText>
        <creationDate>Fri Jan 14 11:40:06 CET 2022</creationDate>
    </annotation>
    <classMention id="EHOST_Instance_3117">
        <mentionClass id="NegCue">inactivated</mentionClass>
    </classMention>
    <annotation>
        <mention id="EHOST_Instance_3118" />
        <annotator id="01">A2</annotator>
        <span start="3532" end="3535" />
        <spannedText>not</spannedText>
        <creationDate>Fri Jan 14 11:41:23 CET 2022</creationDate>
    </annotation>
    <classMention id="EHOST_Instance_3118">
        <mentionClass id="NegCue">not</mentionClass>
    </classMention>
    <annotation>
        <mention id="EHOST_Instance_3119" />
        <annotator id="01">A2</annotator>
        <span start="4927" end="4935" />
        <spannedText>left out</spannedText>
        <creationDate>Fri Jan 14 11:47:17 CET 2022</creationDate>
    </annotation>
    <classMention id="EHOST_Instance_3119">
        <mentionClass id="MWNC">left out</mentionClass>
    </classMention>
    <eHOST_Adjudication_Status version="1.0">
        <Adjudication_Selected_Annotators version="1.0" />
        <Adjudication_Selected_Classes version="1.0" />
        <Adjudication_Others>
            <CHECK_OVERLAPPED_SPANS>false</CHECK_OVERLAPPED_SPANS>
            <CHECK_ATTRIBUTES>false</CHECK_ATTRIBUTES>
            <CHECK_RELATIONSHIP>false</CHECK_RELATIONSHIP>
            <CHECK_CLASS>false</CHECK_CLASS>
            <CHECK_COMMENT>false</CHECK_COMMENT>
        </Adjudication_Others>
    </eHOST_Adjudication_Status>
</annotations>

