<?xml version="1.0" encoding="UTF-8"?>
<annotations textSource="fda-gov_20170629T110653.txt">
    <annotation>
        <mention id="EHOST_Instance_3120" />
        <annotator id="01">A2</annotator>
        <span start="343" end="345" />
        <spannedText>no</spannedText>
        <creationDate>Fri Jan 14 11:53:49 CET 2022</creationDate>
    </annotation>
    <classMention id="EHOST_Instance_3120">
        <mentionClass id="NegCue">no</mentionClass>
    </classMention>
    <annotation>
        <mention id="EHOST_Instance_3121" />
        <annotator id="01">A2</annotator>
        <span start="410" end="413" />
        <spannedText>not</spannedText>
        <creationDate>Fri Jan 14 11:54:04 CET 2022</creationDate>
    </annotation>
    <classMention id="EHOST_Instance_3121">
        <mentionClass id="NegCue">not</mentionClass>
    </classMention>
    <annotation>
        <mention id="EHOST_Instance_3122" />
        <annotator id="01">A2</annotator>
        <span start="1098" end="1104" />
        <spannedText>out of</spannedText>
        <creationDate>Fri Jan 14 11:59:57 CET 2022</creationDate>
    </annotation>
    <classMention id="EHOST_Instance_3122">
        <mentionClass id="MWNC">out of</mentionClass>
    </classMention>
    <annotation>
        <mention id="EHOST_Instance_3123" />
        <annotator id="01">A2</annotator>
        <span start="1397" end="1400" />
        <spannedText>not</spannedText>
        <creationDate>Fri Jan 14 12:00:38 CET 2022</creationDate>
    </annotation>
    <classMention id="EHOST_Instance_3123">
        <mentionClass id="NegCue">not</mentionClass>
    </classMention>
    <annotation>
        <mention id="EHOST_Instance_3124" />
        <annotator id="01">A2</annotator>
        <span start="1686" end="1700" />
        <spannedText>whether or not</spannedText>
        <creationDate>Fri Jan 14 12:04:04 CET 2022</creationDate>
    </annotation>
    <classMention id="EHOST_Instance_3124">
        <mentionClass id="MWNC">whether or not</mentionClass>
    </classMention>
    <annotation>
        <mention id="EHOST_Instance_3125" />
        <annotator id="01">A2</annotator>
        <span start="1774" end="1776" />
        <spannedText>no</spannedText>
        <creationDate>Fri Jan 14 12:07:16 CET 2022</creationDate>
    </annotation>
    <classMention id="EHOST_Instance_3125">
        <mentionClass id="NegCue">no</mentionClass>
    </classMention>
    <annotation>
        <mention id="EHOST_Instance_3126" />
        <annotator id="01">A2</annotator>
        <span start="2145" end="2147" />
        <spannedText>no</spannedText>
        <creationDate>Fri Jan 14 12:07:57 CET 2022</creationDate>
    </annotation>
    <classMention id="EHOST_Instance_3126">
        <mentionClass id="NegCue">no</mentionClass>
    </classMention>
    <annotation>
        <mention id="EHOST_Instance_3127" />
        <annotator id="01">A2</annotator>
        <span start="3087" end="3090" />
        <spannedText>not</spannedText>
        <creationDate>Fri Jan 14 12:14:21 CET 2022</creationDate>
    </annotation>
    <classMention id="EHOST_Instance_3127">
        <mentionClass id="NegCue">not</mentionClass>
    </classMention>
    <annotation>
        <mention id="EHOST_Instance_3128" />
        <annotator id="01">A2</annotator>
        <span start="3319" end="3322" />
        <spannedText>not</spannedText>
        <creationDate>Fri Jan 14 12:16:11 CET 2022</creationDate>
    </annotation>
    <classMention id="EHOST_Instance_3128">
        <mentionClass id="NegCue">not</mentionClass>
    </classMention>
    <annotation>
        <mention id="EHOST_Instance_3129" />
        <annotator id="01">A2</annotator>
        <span start="3649" end="3655" />
        <spannedText>cannot</spannedText>
        <creationDate>Fri Jan 14 12:16:48 CET 2022</creationDate>
    </annotation>
    <classMention id="EHOST_Instance_3129">
        <mentionClass id="NegCue">cannot</mentionClass>
    </classMention>
    <annotation>
        <mention id="EHOST_Instance_3130" />
        <annotator id="01">A2</annotator>
        <span start="3957" end="3967" />
        <spannedText>disability</spannedText>
        <creationDate>Fri Jan 14 12:17:41 CET 2022</creationDate>
    </annotation>
    <classMention id="EHOST_Instance_3130">
        <mentionClass id="NegCue">disability</mentionClass>
    </classMention>
    <annotation>
        <mention id="EHOST_Instance_3131" />
        <annotator id="01">A2</annotator>
        <span start="4860" end="4867" />
        <spannedText>denying</spannedText>
        <creationDate>Fri Jan 14 12:22:38 CET 2022</creationDate>
    </annotation>
    <classMention id="EHOST_Instance_3131">
        <mentionClass id="NegCue">denying</mentionClass>
    </classMention>
    <annotation>
        <mention id="EHOST_Instance_3132" />
        <annotator id="01">A2</annotator>
        <span start="6215" end="6232" />
        <spannedText>contraindications</spannedText>
        <creationDate>Fri Jan 14 12:24:28 CET 2022</creationDate>
    </annotation>
    <classMention id="EHOST_Instance_3132">
        <mentionClass id="NegCue">contraindications</mentionClass>
    </classMention>
    <annotation>
        <mention id="EHOST_Instance_3133" />
        <annotator id="01">A2</annotator>
        <span start="7838" end="7841" />
        <spannedText>not</spannedText>
        <creationDate>Fri Jan 14 12:27:27 CET 2022</creationDate>
    </annotation>
    <classMention id="EHOST_Instance_3133">
        <mentionClass id="NegCue">not</mentionClass>
    </classMention>
    <annotation>
        <mention id="EHOST_Instance_3134" />
        <annotator id="01">A2</annotator>
        <span start="7934" end="7937" />
        <spannedText>not</spannedText>
        <creationDate>Fri Jan 14 12:27:32 CET 2022</creationDate>
    </annotation>
    <classMention id="EHOST_Instance_3134">
        <mentionClass id="NegCue">not</mentionClass>
    </classMention>
    <annotation>
        <mention id="EHOST_Instance_3135" />
        <annotator id="01">A2</annotator>
        <span start="8525" end="8528" />
        <spannedText>not</spannedText>
        <creationDate>Fri Jan 14 12:29:20 CET 2022</creationDate>
    </annotation>
    <classMention id="EHOST_Instance_3135">
        <mentionClass id="NegCue">not</mentionClass>
    </classMention>
    <annotation>
        <mention id="EHOST_Instance_3136" />
        <annotator id="01">A2</annotator>
        <span start="8681" end="8684" />
        <spannedText>not</spannedText>
        <creationDate>Fri Jan 14 12:29:44 CET 2022</creationDate>
    </annotation>
    <classMention id="EHOST_Instance_3136">
        <mentionClass id="NegCue">not</mentionClass>
    </classMention>
    <annotation>
        <mention id="EHOST_Instance_3137" />
        <annotator id="01">A2</annotator>
        <span start="9176" end="9179" />
        <spannedText>not</spannedText>
        <creationDate>Fri Jan 14 12:30:48 CET 2022</creationDate>
    </annotation>
    <classMention id="EHOST_Instance_3137">
        <mentionClass id="NegCue">not</mentionClass>
    </classMention>
    <eHOST_Adjudication_Status version="1.0">
        <Adjudication_Selected_Annotators version="1.0" />
        <Adjudication_Selected_Classes version="1.0" />
        <Adjudication_Others>
            <CHECK_OVERLAPPED_SPANS>false</CHECK_OVERLAPPED_SPANS>
            <CHECK_ATTRIBUTES>false</CHECK_ATTRIBUTES>
            <CHECK_RELATIONSHIP>false</CHECK_RELATIONSHIP>
            <CHECK_CLASS>false</CHECK_CLASS>
            <CHECK_COMMENT>false</CHECK_COMMENT>
        </Adjudication_Others>
    </eHOST_Adjudication_Status>
</annotations>

