<?xml version="1.0" encoding="UTF-8"?>
<annotations textSource="fitfortravel-nhs-uk_20160812T172501.txt">
    <annotation>
        <mention id="EHOST_Instance_2968" />
        <annotator id="01">A2</annotator>
        <span start="390" end="402" />
        <spannedText>antimalarial</spannedText>
        <creationDate>Thu Jan 13 15:09:14 CET 2022</creationDate>
    </annotation>
    <classMention id="EHOST_Instance_2968">
        <mentionClass id="NegCue">antimalarial</mentionClass>
    </classMention>
    <annotation>
        <mention id="EHOST_Instance_2969" />
        <annotator id="01">A2</annotator>
        <span start="606" end="612" />
        <spannedText>cannot</spannedText>
        <creationDate>Thu Jan 13 15:12:35 CET 2022</creationDate>
    </annotation>
    <classMention id="EHOST_Instance_2969">
        <mentionClass id="NegCue">cannot</mentionClass>
    </classMention>
    <annotation>
        <mention id="EHOST_Instance_2970" />
        <annotator id="01">A2</annotator>
        <span start="1945" end="1947" />
        <spannedText>No</spannedText>
        <creationDate>Thu Jan 13 16:10:47 CET 2022</creationDate>
    </annotation>
    <classMention id="EHOST_Instance_2970">
        <mentionClass id="NegCue">No</mentionClass>
    </classMention>
    <annotation>
        <mention id="EHOST_Instance_2971" />
        <annotator id="01">A2</annotator>
        <span start="3219" end="3226" />
        <spannedText>through</spannedText>
        <creationDate>Thu Jan 13 16:24:59 CET 2022</creationDate>
    </annotation>
    <classMention id="EHOST_Instance_2971">
        <mentionClass id="NegCue">through</mentionClass>
    </classMention>
    <annotation>
        <mention id="EHOST_Instance_2972" />
        <annotator id="01">A2</annotator>
        <span start="3302" end="3310" />
        <spannedText>adequate</spannedText>
        <creationDate>Thu Jan 13 16:25:05 CET 2022</creationDate>
    </annotation>
    <classMention id="EHOST_Instance_2972">
        <mentionClass id="NegCue">adequate</mentionClass>
    </classMention>
    <annotation>
        <mention id="EHOST_Instance_2973" />
        <annotator id="01">A2</annotator>
        <span start="3763" end="3769" />
        <spannedText>cannot</spannedText>
        <creationDate>Thu Jan 13 16:38:46 CET 2022</creationDate>
    </annotation>
    <classMention id="EHOST_Instance_2973">
        <mentionClass id="NegCue">cannot</mentionClass>
    </classMention>
    <annotation>
        <mention id="EHOST_Instance_2974" />
        <annotator id="01">A2</annotator>
        <span start="5452" end="5461" />
        <spannedText>Low to no</spannedText>
        <creationDate>Thu Jan 13 17:17:42 CET 2022</creationDate>
    </annotation>
    <classMention id="EHOST_Instance_2974">
        <mentionClass id="MWNC">Low to no</mentionClass>
    </classMention>
    <annotation>
        <mention id="EHOST_Instance_2975" />
        <annotator id="01">A2</annotator>
        <span start="5499" end="5502" />
        <spannedText>not</spannedText>
        <creationDate>Thu Jan 13 17:18:02 CET 2022</creationDate>
    </annotation>
    <classMention id="EHOST_Instance_2975">
        <mentionClass id="NegCue">not</mentionClass>
    </classMention>
    <annotation>
        <mention id="EHOST_Instance_2976" />
        <annotator id="01">A2</annotator>
        <span start="6469" end="6471" />
        <spannedText>no</spannedText>
        <creationDate>Thu Jan 13 17:19:28 CET 2022</creationDate>
    </annotation>
    <classMention id="EHOST_Instance_2976">
        <mentionClass id="NegCue">no</mentionClass>
    </classMention>
    <annotation>
        <mention id="EHOST_Instance_2977" />
        <annotator id="01">A2</annotator>
        <span start="7244" end="7247" />
        <spannedText>not</spannedText>
        <creationDate>Thu Jan 13 17:20:56 CET 2022</creationDate>
    </annotation>
    <classMention id="EHOST_Instance_2977">
        <mentionClass id="NegCue">not</mentionClass>
    </classMention>
    <annotation>
        <mention id="EHOST_Instance_2978" />
        <annotator id="01">A2</annotator>
        <span start="7481" end="7494" />
        <spannedText>non-essential</spannedText>
        <creationDate>Thu Jan 13 17:21:35 CET 2022</creationDate>
    </annotation>
    <classMention id="EHOST_Instance_2978">
        <mentionClass id="NegCue">non-essential</mentionClass>
    </classMention>
    <annotation>
        <mention id="EHOST_Instance_2979" />
        <annotator id="01">A2</annotator>
        <span start="7611" end="7624" />
        <spannedText>non-essential</spannedText>
        <creationDate>Thu Jan 13 17:21:58 CET 2022</creationDate>
    </annotation>
    <classMention id="EHOST_Instance_2979">
        <mentionClass id="NegCue">non-essential</mentionClass>
    </classMention>
    <annotation>
        <mention id="EHOST_Instance_2980" />
        <annotator id="01">A2</annotator>
        <span start="4884" end="4896" />
        <spannedText>antimalarial</spannedText>
        <creationDate>Thu Jan 13 17:25:49 CET 2022</creationDate>
    </annotation>
    <classMention id="EHOST_Instance_2980">
        <mentionClass id="NegCue">antimalarial</mentionClass>
    </classMention>
    <annotation>
        <mention id="EHOST_Instance_2981" />
        <annotator id="01">A2</annotator>
        <span start="5194" end="5206" />
        <spannedText>antimalarial</spannedText>
        <creationDate>Thu Jan 13 17:26:07 CET 2022</creationDate>
    </annotation>
    <classMention id="EHOST_Instance_2981">
        <mentionClass id="NegCue">antimalarial</mentionClass>
    </classMention>
    <annotation>
        <mention id="EHOST_Instance_2982" />
        <annotator id="01">A2</annotator>
        <span start="5474" end="5486" />
        <spannedText>antimalarial</spannedText>
        <creationDate>Thu Jan 13 17:26:38 CET 2022</creationDate>
    </annotation>
    <classMention id="EHOST_Instance_2982">
        <mentionClass id="NegCue">antimalarial</mentionClass>
    </classMention>
    <eHOST_Adjudication_Status version="1.0">
        <Adjudication_Selected_Annotators version="1.0" />
        <Adjudication_Selected_Classes version="1.0" />
        <Adjudication_Others>
            <CHECK_OVERLAPPED_SPANS>false</CHECK_OVERLAPPED_SPANS>
            <CHECK_ATTRIBUTES>false</CHECK_ATTRIBUTES>
            <CHECK_RELATIONSHIP>false</CHECK_RELATIONSHIP>
            <CHECK_CLASS>false</CHECK_CLASS>
            <CHECK_COMMENT>false</CHECK_COMMENT>
        </Adjudication_Others>
    </eHOST_Adjudication_Status>
</annotations>

