<?xml version="1.0" encoding="UTF-8"?>
<annotations textSource="cdc-gov_20170706T111717.txt">
    <annotation>
        <mention id="EHOST_Instance_605" />
        <annotator id="01">A3</annotator>
        <span start="812" end="815" />
        <spannedText>not</spannedText>
        <creationDate>Fri Jan 14 11:47:04 CET 2022</creationDate>
    </annotation>
    <classMention id="EHOST_Instance_605">
        <mentionClass id="NegCue">not</mentionClass>
    </classMention>
    <annotation>
        <mention id="EHOST_Instance_606" />
        <annotator id="01">A3</annotator>
        <span start="2154" end="2157" />
        <spannedText>not</spannedText>
        <creationDate>Fri Jan 14 11:47:49 CET 2022</creationDate>
    </annotation>
    <classMention id="EHOST_Instance_606">
        <mentionClass id="NegCue">not</mentionClass>
    </classMention>
    <annotation>
        <mention id="EHOST_Instance_607" />
        <annotator id="01">A3</annotator>
        <span start="4127" end="4130" />
        <spannedText>not</spannedText>
        <creationDate>Fri Jan 14 11:51:25 CET 2022</creationDate>
    </annotation>
    <classMention id="EHOST_Instance_607">
        <mentionClass id="NegCue">not</mentionClass>
    </classMention>
    <annotation>
        <mention id="EHOST_Instance_608" />
        <annotator id="01">A3</annotator>
        <span start="5002" end="5004" />
        <spannedText>no</spannedText>
        <creationDate>Fri Jan 14 11:51:58 CET 2022</creationDate>
    </annotation>
    <classMention id="EHOST_Instance_608">
        <mentionClass id="NegCue">no</mentionClass>
    </classMention>
    <annotation>
        <mention id="EHOST_Instance_609" />
        <annotator id="01">A3</annotator>
        <span start="5169" end="5171" />
        <spannedText>no</spannedText>
        <creationDate>Fri Jan 14 11:52:09 CET 2022</creationDate>
    </annotation>
    <classMention id="EHOST_Instance_609">
        <mentionClass id="NegCue">no</mentionClass>
    </classMention>
    <annotation>
        <mention id="EHOST_Instance_610" />
        <annotator id="01">A3</annotator>
        <span start="5331" end="5334" />
        <spannedText>not</spannedText>
        <creationDate>Fri Jan 14 11:52:14 CET 2022</creationDate>
    </annotation>
    <classMention id="EHOST_Instance_610">
        <mentionClass id="NegCue">not</mentionClass>
    </classMention>
    <annotation>
        <mention id="EHOST_Instance_611" />
        <annotator id="01">A3</annotator>
        <span start="2412" end="2418" />
        <spannedText>cannot</spannedText>
        <creationDate>Fri Jan 14 11:53:10 CET 2022</creationDate>
    </annotation>
    <classMention id="EHOST_Instance_611">
        <mentionClass id="NegCue">cannot</mentionClass>
    </classMention>
    <annotation>
        <mention id="EHOST_Instance_612" />
        <annotator id="01">A3</annotator>
        <span start="6399" end="6402" />
        <spannedText>not</spannedText>
        <creationDate>Fri Jan 14 11:53:32 CET 2022</creationDate>
    </annotation>
    <classMention id="EHOST_Instance_612">
        <mentionClass id="NegCue">not</mentionClass>
    </classMention>
    <eHOST_Adjudication_Status version="1.0">
        <Adjudication_Selected_Annotators version="1.0" />
        <Adjudication_Selected_Classes version="1.0" />
        <Adjudication_Others>
            <CHECK_OVERLAPPED_SPANS>false</CHECK_OVERLAPPED_SPANS>
            <CHECK_ATTRIBUTES>false</CHECK_ATTRIBUTES>
            <CHECK_RELATIONSHIP>false</CHECK_RELATIONSHIP>
            <CHECK_CLASS>false</CHECK_CLASS>
            <CHECK_COMMENT>false</CHECK_COMMENT>
        </Adjudication_Others>
    </eHOST_Adjudication_Status>
</annotations>

