<?xml version="1.0" encoding="UTF-8"?>
<annotations textSource="cdc-gov_20170703T010627.txt">
    <annotation>
        <mention id="EHOST_Instance_619" />
        <annotator id="01">A3</annotator>
        <span start="721" end="723" />
        <spannedText>no</spannedText>
        <creationDate>Fri Jan 14 13:10:48 CET 2022</creationDate>
    </annotation>
    <classMention id="EHOST_Instance_619">
        <mentionClass id="NegCue">no</mentionClass>
    </classMention>
    <annotation>
        <mention id="EHOST_Instance_620" />
        <annotator id="01">A3</annotator>
        <span start="1012" end="1015" />
        <spannedText>not</spannedText>
        <creationDate>Fri Jan 14 13:11:16 CET 2022</creationDate>
    </annotation>
    <classMention id="EHOST_Instance_620">
        <mentionClass id="NegCue">not</mentionClass>
    </classMention>
    <annotation>
        <mention id="EHOST_Instance_621" />
        <annotator id="01">A3</annotator>
        <span start="1567" end="1570" />
        <spannedText>not</spannedText>
        <creationDate>Fri Jan 14 13:11:53 CET 2022</creationDate>
    </annotation>
    <classMention id="EHOST_Instance_621">
        <mentionClass id="NegCue">not</mentionClass>
    </classMention>
    <annotation>
        <mention id="EHOST_Instance_622" />
        <annotator id="01">A3</annotator>
        <span start="1846" end="1848" />
        <spannedText>no</spannedText>
        <creationDate>Fri Jan 14 13:12:33 CET 2022</creationDate>
    </annotation>
    <classMention id="EHOST_Instance_622">
        <mentionClass id="NegCue">no</mentionClass>
    </classMention>
    <annotation>
        <mention id="EHOST_Instance_623" />
        <annotator id="01">A3</annotator>
        <span start="1913" end="1915" />
        <spannedText>no</spannedText>
        <creationDate>Fri Jan 14 13:12:35 CET 2022</creationDate>
    </annotation>
    <classMention id="EHOST_Instance_623">
        <mentionClass id="NegCue">no</mentionClass>
    </classMention>
    <annotation>
        <mention id="EHOST_Instance_624" />
        <annotator id="01">A3</annotator>
        <span start="2839" end="2842" />
        <spannedText>not</spannedText>
        <creationDate>Fri Jan 14 13:15:34 CET 2022</creationDate>
    </annotation>
    <classMention id="EHOST_Instance_624">
        <mentionClass id="NegCue">not</mentionClass>
    </classMention>
    <eHOST_Adjudication_Status version="1.0">
        <Adjudication_Selected_Annotators version="1.0" />
        <Adjudication_Selected_Classes version="1.0" />
        <Adjudication_Others>
            <CHECK_OVERLAPPED_SPANS>false</CHECK_OVERLAPPED_SPANS>
            <CHECK_ATTRIBUTES>false</CHECK_ATTRIBUTES>
            <CHECK_RELATIONSHIP>false</CHECK_RELATIONSHIP>
            <CHECK_CLASS>false</CHECK_CLASS>
            <CHECK_COMMENT>false</CHECK_COMMENT>
        </Adjudication_Others>
    </eHOST_Adjudication_Status>
</annotations>

