<?xml version="1.0" encoding="UTF-8"?>
<annotations textSource="Couples-Resorts-Message-Board_20160822T123023.txt">
    <annotation>
        <mention id="EHOST_Instance_670" />
        <annotator id="01">A3</annotator>
        <span start="95" end="101" />
        <spannedText>didn't</spannedText>
        <creationDate>Fri Jan 14 13:37:34 CET 2022</creationDate>
    </annotation>
    <classMention id="EHOST_Instance_670">
        <mentionClass id="NegCue">didn't</mentionClass>
    </classMention>
    <annotation>
        <mention id="EHOST_Instance_671" />
        <annotator id="01">A3</annotator>
        <span start="309" end="314" />
        <spannedText>don't</spannedText>
        <creationDate>Fri Jan 14 13:37:39 CET 2022</creationDate>
    </annotation>
    <classMention id="EHOST_Instance_671">
        <mentionClass id="NegCue">don't</mentionClass>
    </classMention>
    <annotation>
        <mention id="EHOST_Instance_672" />
        <annotator id="01">A3</annotator>
        <span start="398" end="401" />
        <spannedText>not</spannedText>
        <creationDate>Fri Jan 14 13:37:42 CET 2022</creationDate>
    </annotation>
    <classMention id="EHOST_Instance_672">
        <mentionClass id="NegCue">not</mentionClass>
    </classMention>
    <annotation>
        <mention id="EHOST_Instance_673" />
        <annotator id="01">A3</annotator>
        <span start="550" end="553" />
        <spannedText>not</spannedText>
        <creationDate>Fri Jan 14 13:37:47 CET 2022</creationDate>
    </annotation>
    <classMention id="EHOST_Instance_673">
        <mentionClass id="NegCue">not</mentionClass>
    </classMention>
    <annotation>
        <mention id="EHOST_Instance_674" />
        <annotator id="01">A3</annotator>
        <span start="679" end="684" />
        <spannedText>don't</spannedText>
        <creationDate>Fri Jan 14 13:37:51 CET 2022</creationDate>
    </annotation>
    <classMention id="EHOST_Instance_674">
        <mentionClass id="NegCue">don't</mentionClass>
    </classMention>
    <annotation>
        <mention id="EHOST_Instance_675" />
        <annotator id="01">A3</annotator>
        <span start="767" end="770" />
        <spannedText>not</spannedText>
        <creationDate>Fri Jan 14 13:37:54 CET 2022</creationDate>
    </annotation>
    <classMention id="EHOST_Instance_675">
        <mentionClass id="NegCue">not</mentionClass>
    </classMention>
    <annotation>
        <mention id="EHOST_Instance_676" />
        <annotator id="01">A3</annotator>
        <span start="850" end="852" />
        <spannedText>no</spannedText>
        <creationDate>Fri Jan 14 13:38:00 CET 2022</creationDate>
    </annotation>
    <classMention id="EHOST_Instance_676">
        <mentionClass id="NegCue">no</mentionClass>
    </classMention>
    <annotation>
        <mention id="EHOST_Instance_677" />
        <annotator id="01">A3</annotator>
        <span start="973" end="976" />
        <spannedText>not</spannedText>
        <creationDate>Fri Jan 14 13:38:05 CET 2022</creationDate>
    </annotation>
    <classMention id="EHOST_Instance_677">
        <mentionClass id="NegCue">not</mentionClass>
    </classMention>
    <eHOST_Adjudication_Status version="1.0">
        <Adjudication_Selected_Annotators version="1.0" />
        <Adjudication_Selected_Classes version="1.0" />
        <Adjudication_Others>
            <CHECK_OVERLAPPED_SPANS>false</CHECK_OVERLAPPED_SPANS>
            <CHECK_ATTRIBUTES>false</CHECK_ATTRIBUTES>
            <CHECK_RELATIONSHIP>false</CHECK_RELATIONSHIP>
            <CHECK_CLASS>false</CHECK_CLASS>
            <CHECK_COMMENT>false</CHECK_COMMENT>
        </Adjudication_Others>
    </eHOST_Adjudication_Status>
</annotations>

