<?xml version="1.0" encoding="UTF-8"?>
<annotations textSource="Daily-Intelligencer_20160903T110638.txt">
    <annotation>
        <mention id="EHOST_Instance_636" />
        <annotator id="01">A3</annotator>
        <span start="844" end="850" />
        <spannedText>aren’t</spannedText>
        <creationDate>Fri Jan 14 13:30:16 CET 2022</creationDate>
    </annotation>
    <classMention id="EHOST_Instance_636">
        <mentionClass id="NegCue">aren’t</mentionClass>
    </classMention>
    <annotation>
        <mention id="EHOST_Instance_637" />
        <annotator id="01">A3</annotator>
        <span start="862" end="865" />
        <spannedText>not</spannedText>
        <creationDate>Fri Jan 14 13:30:24 CET 2022</creationDate>
    </annotation>
    <classMention id="EHOST_Instance_637">
        <mentionClass id="NegCue">not</mentionClass>
    </classMention>
    <annotation>
        <mention id="EHOST_Instance_638" />
        <annotator id="01">A3</annotator>
        <span start="1946" end="1949" />
        <spannedText>Not</spannedText>
        <creationDate>Fri Jan 14 13:31:04 CET 2022</creationDate>
    </annotation>
    <classMention id="EHOST_Instance_638">
        <mentionClass id="NegCue">Not</mentionClass>
    </classMention>
    <annotation>
        <mention id="EHOST_Instance_639" />
        <annotator id="01">A3</annotator>
        <span start="2017" end="2021" />
        <spannedText>deny</spannedText>
        <creationDate>Fri Jan 14 13:31:20 CET 2022</creationDate>
    </annotation>
    <classMention id="EHOST_Instance_639">
        <mentionClass id="NegCue">deny</mentionClass>
    </classMention>
    <annotation>
        <mention id="EHOST_Instance_640" />
        <annotator id="01">A3</annotator>
        <span start="2098" end="2105" />
        <spannedText>without</spannedText>
        <creationDate>Fri Jan 14 13:31:27 CET 2022</creationDate>
    </annotation>
    <classMention id="EHOST_Instance_640">
        <mentionClass id="NegCue">without</mentionClass>
    </classMention>
    <annotation>
        <mention id="EHOST_Instance_641" />
        <annotator id="01">A3</annotator>
        <span start="2571" end="2574" />
        <spannedText>not</spannedText>
        <creationDate>Fri Jan 14 13:32:18 CET 2022</creationDate>
    </annotation>
    <classMention id="EHOST_Instance_641">
        <mentionClass id="NegCue">not</mentionClass>
    </classMention>
    <annotation>
        <mention id="EHOST_Instance_642" />
        <annotator id="01">A3</annotator>
        <span start="2938" end="2941" />
        <spannedText>not</spannedText>
        <creationDate>Fri Jan 14 13:32:37 CET 2022</creationDate>
    </annotation>
    <classMention id="EHOST_Instance_642">
        <mentionClass id="NegCue">not</mentionClass>
    </classMention>
    <annotation>
        <mention id="EHOST_Instance_643" />
        <annotator id="01">A3</annotator>
        <span start="3260" end="3263" />
        <spannedText>not</spannedText>
        <creationDate>Fri Jan 14 13:32:46 CET 2022</creationDate>
    </annotation>
    <classMention id="EHOST_Instance_643">
        <mentionClass id="NegCue">not</mentionClass>
    </classMention>
    <annotation>
        <mention id="EHOST_Instance_644" />
        <annotator id="01">A3</annotator>
        <span start="3631" end="3634" />
        <spannedText>not</spannedText>
        <creationDate>Fri Jan 14 13:32:59 CET 2022</creationDate>
    </annotation>
    <classMention id="EHOST_Instance_644">
        <mentionClass id="NegCue">not</mentionClass>
    </classMention>
    <annotation>
        <mention id="EHOST_Instance_645" />
        <annotator id="01">A3</annotator>
        <span start="3963" end="3966" />
        <spannedText>not</spannedText>
        <creationDate>Fri Jan 14 13:33:11 CET 2022</creationDate>
    </annotation>
    <classMention id="EHOST_Instance_645">
        <mentionClass id="NegCue">not</mentionClass>
    </classMention>
    <annotation>
        <mention id="EHOST_Instance_646" />
        <annotator id="01">A3</annotator>
        <span start="4056" end="4061" />
        <spannedText>never</spannedText>
        <creationDate>Fri Jan 14 13:33:19 CET 2022</creationDate>
    </annotation>
    <classMention id="EHOST_Instance_646">
        <mentionClass id="NegCue">never</mentionClass>
    </classMention>
    <annotation>
        <mention id="EHOST_Instance_647" />
        <annotator id="01">A3</annotator>
        <span start="4490" end="4493" />
        <spannedText>not</spannedText>
        <creationDate>Fri Jan 14 13:33:31 CET 2022</creationDate>
    </annotation>
    <classMention id="EHOST_Instance_647">
        <mentionClass id="NegCue">not</mentionClass>
    </classMention>
    <annotation>
        <mention id="EHOST_Instance_648" />
        <annotator id="01">A3</annotator>
        <span start="5272" end="5275" />
        <spannedText>not</spannedText>
        <creationDate>Fri Jan 14 13:34:03 CET 2022</creationDate>
    </annotation>
    <classMention id="EHOST_Instance_648">
        <mentionClass id="NegCue">not</mentionClass>
    </classMention>
    <annotation>
        <mention id="EHOST_Instance_649" />
        <annotator id="01">A3</annotator>
        <span start="5590" end="5592" />
        <spannedText>no</spannedText>
        <creationDate>Fri Jan 14 13:34:14 CET 2022</creationDate>
    </annotation>
    <classMention id="EHOST_Instance_649">
        <mentionClass id="NegCue">no</mentionClass>
    </classMention>
    <annotation>
        <mention id="EHOST_Instance_650" />
        <annotator id="01">A3</annotator>
        <span start="5680" end="5687" />
        <spannedText>doesn’t</spannedText>
        <creationDate>Fri Jan 14 13:35:27 CET 2022</creationDate>
    </annotation>
    <classMention id="EHOST_Instance_650">
        <mentionClass id="NegCue">doesn’t</mentionClass>
    </classMention>
    <annotation>
        <mention id="EHOST_Instance_651" />
        <annotator id="01">A3</annotator>
        <span start="5717" end="5721" />
        <spannedText>cant</spannedText>
        <creationDate>Fri Jan 14 13:35:31 CET 2022</creationDate>
    </annotation>
    <classMention id="EHOST_Instance_651">
        <mentionClass id="NegCue">cant</mentionClass>
    </classMention>
    <annotation>
        <mention id="EHOST_Instance_652" />
        <annotator id="01">A3</annotator>
        <span start="6107" end="6110" />
        <spannedText>not</spannedText>
        <creationDate>Fri Jan 14 13:35:47 CET 2022</creationDate>
    </annotation>
    <classMention id="EHOST_Instance_652">
        <mentionClass id="NegCue">not</mentionClass>
    </classMention>
    <annotation>
        <mention id="EHOST_Instance_653" />
        <annotator id="01">A3</annotator>
        <span start="6596" end="6605" />
        <spannedText>disregard</spannedText>
        <creationDate>Fri Jan 14 13:36:09 CET 2022</creationDate>
    </annotation>
    <classMention id="EHOST_Instance_653">
        <mentionClass id="NegCue">disregard</mentionClass>
    </classMention>
    <annotation>
        <mention id="EHOST_Instance_654" />
        <annotator id="01">A3</annotator>
        <span start="6582" end="6591" />
        <spannedText>dismissal</spannedText>
        <creationDate>Fri Jan 14 13:36:17 CET 2022</creationDate>
    </annotation>
    <classMention id="EHOST_Instance_654">
        <mentionClass id="NegCue">dismissal</mentionClass>
    </classMention>
    <eHOST_Adjudication_Status version="1.0">
        <Adjudication_Selected_Annotators version="1.0" />
        <Adjudication_Selected_Classes version="1.0" />
        <Adjudication_Others>
            <CHECK_OVERLAPPED_SPANS>false</CHECK_OVERLAPPED_SPANS>
            <CHECK_ATTRIBUTES>false</CHECK_ATTRIBUTES>
            <CHECK_RELATIONSHIP>false</CHECK_RELATIONSHIP>
            <CHECK_CLASS>false</CHECK_CLASS>
            <CHECK_COMMENT>false</CHECK_COMMENT>
        </Adjudication_Others>
    </eHOST_Adjudication_Status>
</annotations>

