<?xml version="1.0" encoding="UTF-8"?>
<annotations textSource="dogsnaturallymagazine-com_20160430T211917.txt">
    <annotation>
        <mention id="EHOST_Instance_625" />
        <annotator id="01">A3</annotator>
        <span start="3240" end="3251" />
        <spannedText>irreparable</spannedText>
        <creationDate>Fri Jan 14 13:24:56 CET 2022</creationDate>
    </annotation>
    <classMention id="EHOST_Instance_625">
        <mentionClass id="NegCue">irreparable</mentionClass>
    </classMention>
    <annotation>
        <mention id="EHOST_Instance_626" />
        <annotator id="01">A3</annotator>
        <span start="3422" end="3425" />
        <spannedText>not</spannedText>
        <creationDate>Fri Jan 14 13:25:07 CET 2022</creationDate>
    </annotation>
    <classMention id="EHOST_Instance_626">
        <mentionClass id="NegCue">not</mentionClass>
    </classMention>
    <annotation>
        <mention id="EHOST_Instance_627" />
        <annotator id="01">A3</annotator>
        <span start="3487" end="3490" />
        <spannedText>not</spannedText>
        <creationDate>Fri Jan 14 13:25:12 CET 2022</creationDate>
    </annotation>
    <classMention id="EHOST_Instance_627">
        <mentionClass id="NegCue">not</mentionClass>
    </classMention>
    <annotation>
        <mention id="EHOST_Instance_628" />
        <annotator id="01">A3</annotator>
        <span start="3665" end="3670" />
        <spannedText>Never</spannedText>
        <creationDate>Fri Jan 14 13:25:17 CET 2022</creationDate>
    </annotation>
    <classMention id="EHOST_Instance_628">
        <mentionClass id="NegCue">Never</mentionClass>
    </classMention>
    <annotation>
        <mention id="EHOST_Instance_629" />
        <annotator id="01">A3</annotator>
        <span start="3968" end="3973" />
        <spannedText>won’t</spannedText>
        <creationDate>Fri Jan 14 13:26:12 CET 2022</creationDate>
    </annotation>
    <classMention id="EHOST_Instance_629">
        <mentionClass id="NegCue">won’t</mentionClass>
    </classMention>
    <annotation>
        <mention id="EHOST_Instance_630" />
        <annotator id="01">A3</annotator>
        <span start="4107" end="4116" />
        <spannedText>unhealthy</spannedText>
        <creationDate>Fri Jan 14 13:26:19 CET 2022</creationDate>
    </annotation>
    <classMention id="EHOST_Instance_630">
        <mentionClass id="NegCue">unhealthy</mentionClass>
    </classMention>
    <annotation>
        <mention id="EHOST_Instance_631" />
        <annotator id="01">A3</annotator>
        <span start="4872" end="4875" />
        <spannedText>not</spannedText>
        <creationDate>Fri Jan 14 13:26:44 CET 2022</creationDate>
    </annotation>
    <classMention id="EHOST_Instance_631">
        <mentionClass id="NegCue">not</mentionClass>
    </classMention>
    <annotation>
        <mention id="EHOST_Instance_632" />
        <annotator id="01">A3</annotator>
        <span start="4984" end="4987" />
        <spannedText>not</spannedText>
        <creationDate>Fri Jan 14 13:26:50 CET 2022</creationDate>
    </annotation>
    <classMention id="EHOST_Instance_632">
        <mentionClass id="NegCue">not</mentionClass>
    </classMention>
    <annotation>
        <mention id="EHOST_Instance_633" />
        <annotator id="01">A3</annotator>
        <span start="5744" end="5749" />
        <spannedText>doesn</spannedText>
        <creationDate>Fri Jan 14 13:28:09 CET 2022</creationDate>
    </annotation>
    <classMention id="EHOST_Instance_633">
        <mentionClass id="NegCue">doesn</mentionClass>
    </classMention>
    <annotation>
        <mention id="EHOST_Instance_634" />
        <annotator id="01">A3</annotator>
        <span start="9715" end="9718" />
        <spannedText>not</spannedText>
        <creationDate>Fri Jan 14 13:29:21 CET 2022</creationDate>
    </annotation>
    <classMention id="EHOST_Instance_634">
        <mentionClass id="NegCue">not</mentionClass>
    </classMention>
    <annotation>
        <mention id="EHOST_Instance_635" />
        <annotator id="01">A3</annotator>
        <span start="10063" end="10066" />
        <spannedText>not</spannedText>
        <creationDate>Fri Jan 14 13:29:29 CET 2022</creationDate>
    </annotation>
    <classMention id="EHOST_Instance_635">
        <mentionClass id="NegCue">not</mentionClass>
    </classMention>
    <eHOST_Adjudication_Status version="1.0">
        <Adjudication_Selected_Annotators version="1.0" />
        <Adjudication_Selected_Classes version="1.0" />
        <Adjudication_Others>
            <CHECK_OVERLAPPED_SPANS>false</CHECK_OVERLAPPED_SPANS>
            <CHECK_ATTRIBUTES>false</CHECK_ATTRIBUTES>
            <CHECK_RELATIONSHIP>false</CHECK_RELATIONSHIP>
            <CHECK_CLASS>false</CHECK_CLASS>
            <CHECK_COMMENT>false</CHECK_COMMENT>
        </Adjudication_Others>
    </eHOST_Adjudication_Status>
</annotations>

