<?xml version="1.0" encoding="UTF-8"?>
<annotations textSource="emergency-cdc-gov_20170616T203204.txt">
    <annotation>
        <mention id="EHOST_Instance_595" />
        <annotator id="01">A3</annotator>
        <span start="3043" end="3055" />
        <spannedText>unvaccinated</spannedText>
        <creationDate>Fri Jan 14 10:54:35 CET 2022</creationDate>
    </annotation>
    <classMention id="EHOST_Instance_595">
        <mentionClass id="NegCue">unvaccinated</mentionClass>
    </classMention>
    <annotation>
        <mention id="EHOST_Instance_596" />
        <annotator id="01">A3</annotator>
        <span start="2300" end="2312" />
        <spannedText>unvaccinated</spannedText>
        <creationDate>Fri Jan 14 10:55:16 CET 2022</creationDate>
    </annotation>
    <classMention id="EHOST_Instance_596">
        <mentionClass id="NegCue">unvaccinated</mentionClass>
    </classMention>
    <annotation>
        <mention id="EHOST_Instance_597" />
        <annotator id="01">A3</annotator>
        <span start="2861" end="2873" />
        <spannedText>unvaccinated</spannedText>
        <creationDate>Fri Jan 14 10:55:29 CET 2022</creationDate>
    </annotation>
    <classMention id="EHOST_Instance_597">
        <mentionClass id="NegCue">unvaccinated</mentionClass>
    </classMention>
    <annotation>
        <mention id="EHOST_Instance_598" />
        <annotator id="01">A3</annotator>
        <span start="2888" end="2895" />
        <spannedText>unknown</spannedText>
        <creationDate>Fri Jan 14 10:55:34 CET 2022</creationDate>
    </annotation>
    <classMention id="EHOST_Instance_598">
        <mentionClass id="NegCue">unknown</mentionClass>
    </classMention>
    <annotation>
        <mention id="EHOST_Instance_599" />
        <annotator id="01">A3</annotator>
        <span start="3881" end="3893" />
        <spannedText>unvaccinated</spannedText>
        <creationDate>Fri Jan 14 10:56:22 CET 2022</creationDate>
    </annotation>
    <classMention id="EHOST_Instance_599">
        <mentionClass id="NegCue">unvaccinated</mentionClass>
    </classMention>
    <annotation>
        <mention id="EHOST_Instance_600" />
        <annotator id="01">A3</annotator>
        <span start="3483" end="3486" />
        <spannedText>not</spannedText>
        <creationDate>Fri Jan 14 10:57:40 CET 2022</creationDate>
    </annotation>
    <classMention id="EHOST_Instance_600">
        <mentionClass id="NegCue">not</mentionClass>
    </classMention>
    <eHOST_Adjudication_Status version="1.0">
        <Adjudication_Selected_Annotators version="1.0" />
        <Adjudication_Selected_Classes version="1.0" />
        <Adjudication_Others>
            <CHECK_OVERLAPPED_SPANS>false</CHECK_OVERLAPPED_SPANS>
            <CHECK_ATTRIBUTES>false</CHECK_ATTRIBUTES>
            <CHECK_RELATIONSHIP>false</CHECK_RELATIONSHIP>
            <CHECK_CLASS>false</CHECK_CLASS>
            <CHECK_COMMENT>false</CHECK_COMMENT>
        </Adjudication_Others>
    </eHOST_Adjudication_Status>
</annotations>

