<?xml version="1.0" encoding="UTF-8"?>
<annotations textSource="en-wikipedia-org_20170318T104602.txt">
    <annotation>
        <mention id="EHOST_Instance_613" />
        <annotator id="01">A3</annotator>
        <span start="3923" end="3926" />
        <spannedText>not</spannedText>
        <creationDate>Fri Jan 14 12:14:46 CET 2022</creationDate>
    </annotation>
    <classMention id="EHOST_Instance_613">
        <mentionClass id="NegCue">not</mentionClass>
    </classMention>
    <annotation>
        <mention id="EHOST_Instance_614" />
        <annotator id="01">A3</annotator>
        <span start="5152" end="5154" />
        <spannedText>no</spannedText>
        <creationDate>Fri Jan 14 12:15:42 CET 2022</creationDate>
    </annotation>
    <classMention id="EHOST_Instance_614">
        <mentionClass id="NegCue">no</mentionClass>
    </classMention>
    <annotation>
        <mention id="EHOST_Instance_615" />
        <annotator id="01">A3</annotator>
        <span start="5375" end="5378" />
        <spannedText>not</spannedText>
        <creationDate>Fri Jan 14 12:16:40 CET 2022</creationDate>
    </annotation>
    <classMention id="EHOST_Instance_615">
        <mentionClass id="NegCue">not</mentionClass>
    </classMention>
    <annotation>
        <mention id="EHOST_Instance_616" />
        <annotator id="01">A3</annotator>
        <span start="5934" end="5943" />
        <spannedText>unhappily</spannedText>
        <creationDate>Fri Jan 14 12:17:07 CET 2022</creationDate>
    </annotation>
    <classMention id="EHOST_Instance_616">
        <mentionClass id="NegCue">unhappily</mentionClass>
    </classMention>
    <annotation>
        <mention id="EHOST_Instance_617" />
        <annotator id="01">A3</annotator>
        <span start="6404" end="6407" />
        <spannedText>not</spannedText>
        <creationDate>Fri Jan 14 12:17:28 CET 2022</creationDate>
    </annotation>
    <classMention id="EHOST_Instance_617">
        <mentionClass id="NegCue">not</mentionClass>
    </classMention>
    <annotation>
        <mention id="EHOST_Instance_618" />
        <annotator id="01">A3</annotator>
        <span start="7131" end="7134" />
        <spannedText>not</spannedText>
        <creationDate>Fri Jan 14 12:19:12 CET 2022</creationDate>
    </annotation>
    <classMention id="EHOST_Instance_618">
        <mentionClass id="NegCue">not</mentionClass>
    </classMention>
    <eHOST_Adjudication_Status version="1.0">
        <Adjudication_Selected_Annotators version="1.0" />
        <Adjudication_Selected_Classes version="1.0" />
        <Adjudication_Others>
            <CHECK_OVERLAPPED_SPANS>false</CHECK_OVERLAPPED_SPANS>
            <CHECK_ATTRIBUTES>false</CHECK_ATTRIBUTES>
            <CHECK_RELATIONSHIP>false</CHECK_RELATIONSHIP>
            <CHECK_CLASS>false</CHECK_CLASS>
            <CHECK_COMMENT>false</CHECK_COMMENT>
        </Adjudication_Others>
    </eHOST_Adjudication_Status>
</annotations>

