<?xml version="1.0" encoding="UTF-8"?>
<annotations textSource="en-wikipedia-org_20170702T222036.txt">
    <annotation>
        <mention id="EHOST_Instance_655" />
        <annotator id="01">A3</annotator>
        <span start="954" end="956" />
        <spannedText>no</spannedText>
        <creationDate>Fri Jan 14 13:38:58 CET 2022</creationDate>
    </annotation>
    <classMention id="EHOST_Instance_655">
        <mentionClass id="NegCue">no</mentionClass>
    </classMention>
    <annotation>
        <mention id="EHOST_Instance_656" />
        <annotator id="01">A3</annotator>
        <span start="1003" end="1006" />
        <spannedText>not</spannedText>
        <creationDate>Fri Jan 14 13:39:20 CET 2022</creationDate>
    </annotation>
    <classMention id="EHOST_Instance_656">
        <mentionClass id="NegCue">not</mentionClass>
    </classMention>
    <annotation>
        <mention id="EHOST_Instance_657" />
        <annotator id="01">A3</annotator>
        <span start="2086" end="2089" />
        <spannedText>not</spannedText>
        <creationDate>Fri Jan 14 13:40:24 CET 2022</creationDate>
    </annotation>
    <classMention id="EHOST_Instance_657">
        <mentionClass id="NegCue">not</mentionClass>
    </classMention>
    <annotation>
        <mention id="EHOST_Instance_658" />
        <annotator id="01">A3</annotator>
        <span start="3532" end="3535" />
        <spannedText>not</spannedText>
        <creationDate>Fri Jan 14 13:41:41 CET 2022</creationDate>
    </annotation>
    <classMention id="EHOST_Instance_658">
        <mentionClass id="NegCue">not</mentionClass>
    </classMention>
    <eHOST_Adjudication_Status version="1.0">
        <Adjudication_Selected_Annotators version="1.0" />
        <Adjudication_Selected_Classes version="1.0" />
        <Adjudication_Others>
            <CHECK_OVERLAPPED_SPANS>false</CHECK_OVERLAPPED_SPANS>
            <CHECK_ATTRIBUTES>false</CHECK_ATTRIBUTES>
            <CHECK_RELATIONSHIP>false</CHECK_RELATIONSHIP>
            <CHECK_CLASS>false</CHECK_CLASS>
            <CHECK_COMMENT>false</CHECK_COMMENT>
        </Adjudication_Others>
    </eHOST_Adjudication_Status>
</annotations>

