<?xml version="1.0" encoding="UTF-8"?>
<annotations textSource="fda-gov_20170629T110653.txt">
    <annotation>
        <mention id="EHOST_Instance_659" />
        <annotator id="01">A3</annotator>
        <span start="343" end="345" />
        <spannedText>no</spannedText>
        <creationDate>Fri Jan 14 13:42:56 CET 2022</creationDate>
    </annotation>
    <classMention id="EHOST_Instance_659">
        <mentionClass id="NegCue">no</mentionClass>
    </classMention>
    <annotation>
        <mention id="EHOST_Instance_660" />
        <annotator id="01">A3</annotator>
        <span start="410" end="413" />
        <spannedText>not</spannedText>
        <creationDate>Fri Jan 14 13:42:58 CET 2022</creationDate>
    </annotation>
    <classMention id="EHOST_Instance_660">
        <mentionClass id="NegCue">not</mentionClass>
    </classMention>
    <annotation>
        <mention id="EHOST_Instance_661" />
        <annotator id="01">A3</annotator>
        <span start="1030" end="1034" />
        <spannedText>fail</spannedText>
        <creationDate>Fri Jan 14 13:43:36 CET 2022</creationDate>
    </annotation>
    <classMention id="EHOST_Instance_661">
        <mentionClass id="NegCue">fail</mentionClass>
    </classMention>
    <annotation>
        <mention id="EHOST_Instance_662" />
        <annotator id="01">A3</annotator>
        <span start="1397" end="1400" />
        <spannedText>not</spannedText>
        <creationDate>Fri Jan 14 13:43:53 CET 2022</creationDate>
    </annotation>
    <classMention id="EHOST_Instance_662">
        <mentionClass id="NegCue">not</mentionClass>
    </classMention>
    <annotation>
        <mention id="EHOST_Instance_663" />
        <annotator id="01">A3</annotator>
        <span start="1774" end="1776" />
        <spannedText>no</spannedText>
        <creationDate>Fri Jan 14 13:44:08 CET 2022</creationDate>
    </annotation>
    <classMention id="EHOST_Instance_663">
        <mentionClass id="NegCue">no</mentionClass>
    </classMention>
    <annotation>
        <mention id="EHOST_Instance_664" />
        <annotator id="01">A3</annotator>
        <span start="2145" end="2147" />
        <spannedText>no</spannedText>
        <creationDate>Fri Jan 14 13:45:14 CET 2022</creationDate>
    </annotation>
    <classMention id="EHOST_Instance_664">
        <mentionClass id="NegCue">no</mentionClass>
    </classMention>
    <annotation>
        <mention id="EHOST_Instance_665" />
        <annotator id="01">A3</annotator>
        <span start="3087" end="3090" />
        <spannedText>not</spannedText>
        <creationDate>Fri Jan 14 13:46:14 CET 2022</creationDate>
    </annotation>
    <classMention id="EHOST_Instance_665">
        <mentionClass id="NegCue">not</mentionClass>
    </classMention>
    <annotation>
        <mention id="EHOST_Instance_666" />
        <annotator id="01">A3</annotator>
        <span start="3319" end="3322" />
        <spannedText>not</spannedText>
        <creationDate>Fri Jan 14 13:46:21 CET 2022</creationDate>
    </annotation>
    <classMention id="EHOST_Instance_666">
        <mentionClass id="NegCue">not</mentionClass>
    </classMention>
    <annotation>
        <mention id="EHOST_Instance_667" />
        <annotator id="01">A3</annotator>
        <span start="3649" end="3655" />
        <spannedText>cannot</spannedText>
        <creationDate>Fri Jan 14 13:46:52 CET 2022</creationDate>
    </annotation>
    <classMention id="EHOST_Instance_667">
        <mentionClass id="NegCue">cannot</mentionClass>
    </classMention>
    <annotation>
        <mention id="EHOST_Instance_668" />
        <annotator id="01">A3</annotator>
        <span start="7934" end="7937" />
        <spannedText>not</spannedText>
        <creationDate>Fri Jan 14 13:49:21 CET 2022</creationDate>
    </annotation>
    <classMention id="EHOST_Instance_668">
        <mentionClass id="NegCue">not</mentionClass>
    </classMention>
    <annotation>
        <mention id="EHOST_Instance_669" />
        <annotator id="01">A3</annotator>
        <span start="8525" end="8528" />
        <spannedText>not</spannedText>
        <creationDate>Fri Jan 14 13:49:43 CET 2022</creationDate>
    </annotation>
    <classMention id="EHOST_Instance_669">
        <mentionClass id="NegCue">not</mentionClass>
    </classMention>
    <eHOST_Adjudication_Status version="1.0">
        <Adjudication_Selected_Annotators version="1.0" />
        <Adjudication_Selected_Classes version="1.0" />
        <Adjudication_Others>
            <CHECK_OVERLAPPED_SPANS>false</CHECK_OVERLAPPED_SPANS>
            <CHECK_ATTRIBUTES>false</CHECK_ATTRIBUTES>
            <CHECK_RELATIONSHIP>false</CHECK_RELATIONSHIP>
            <CHECK_CLASS>false</CHECK_CLASS>
            <CHECK_COMMENT>false</CHECK_COMMENT>
        </Adjudication_Others>
    </eHOST_Adjudication_Status>
</annotations>

