<?xml version="1.0" encoding="UTF-8"?>
<annotations textSource="fitfortravel-nhs-uk_20160812T165007.txt">
    <annotation>
        <mention id="EHOST_Instance_601" />
        <annotator id="01">A3</annotator>
        <span start="606" end="612" />
        <spannedText>cannot</spannedText>
        <creationDate>Fri Jan 14 11:40:40 CET 2022</creationDate>
    </annotation>
    <classMention id="EHOST_Instance_601">
        <mentionClass id="NegCue">cannot</mentionClass>
    </classMention>
    <annotation>
        <mention id="EHOST_Instance_602" />
        <annotator id="01">A3</annotator>
        <span start="1945" end="1947" />
        <spannedText>No</spannedText>
        <creationDate>Fri Jan 14 11:41:40 CET 2022</creationDate>
    </annotation>
    <classMention id="EHOST_Instance_602">
        <mentionClass id="NegCue">No</mentionClass>
    </classMention>
    <annotation>
        <mention id="EHOST_Instance_603" />
        <annotator id="01">A3</annotator>
        <span start="3763" end="3769" />
        <spannedText>cannot</spannedText>
        <creationDate>Fri Jan 14 11:43:07 CET 2022</creationDate>
    </annotation>
    <classMention id="EHOST_Instance_603">
        <mentionClass id="NegCue">cannot</mentionClass>
    </classMention>
    <annotation>
        <mention id="EHOST_Instance_604" />
        <annotator id="01">A3</annotator>
        <span start="5741" end="5743" />
        <spannedText>no</spannedText>
        <creationDate>Fri Jan 14 11:44:14 CET 2022</creationDate>
    </annotation>
    <classMention id="EHOST_Instance_604">
        <mentionClass id="NegCue">no</mentionClass>
    </classMention>
    <eHOST_Adjudication_Status version="1.0">
        <Adjudication_Selected_Annotators version="1.0" />
        <Adjudication_Selected_Classes version="1.0" />
        <Adjudication_Others>
            <CHECK_OVERLAPPED_SPANS>false</CHECK_OVERLAPPED_SPANS>
            <CHECK_ATTRIBUTES>false</CHECK_ATTRIBUTES>
            <CHECK_RELATIONSHIP>false</CHECK_RELATIONSHIP>
            <CHECK_CLASS>false</CHECK_CLASS>
            <CHECK_COMMENT>false</CHECK_COMMENT>
        </Adjudication_Others>
    </eHOST_Adjudication_Status>
</annotations>

