<?xml version="1.0" encoding="UTF-8"?>
<annotations textSource="cdc-gov_20170706T111717.txt">
    <annotation>
        <mention id="EHOST_Instance_2400" />
        <annotator id="01">A1</annotator>
        <span start="776" end="779" />
        <spannedText>but</spannedText>
        <creationDate>Thu Jan 13 18:39:55 CET 2022</creationDate>
    </annotation>
    <classMention id="EHOST_Instance_2400">
        <mentionClass id="NegCue">but</mentionClass>
    </classMention>
    <annotation>
        <mention id="EHOST_Instance_2401" />
        <annotator id="01">A1</annotator>
        <span start="2154" end="2157" />
        <spannedText>not</spannedText>
        <creationDate>Thu Jan 13 18:51:00 CET 2022</creationDate>
    </annotation>
    <classMention id="EHOST_Instance_2401">
        <mentionClass id="NegCue">not</mentionClass>
    </classMention>
    <annotation>
        <mention id="EHOST_Instance_2402" />
        <annotator id="01">A1</annotator>
        <span start="2782" end="2785" />
        <spannedText>but</spannedText>
        <creationDate>Thu Jan 13 18:52:08 CET 2022</creationDate>
    </annotation>
    <classMention id="EHOST_Instance_2402">
        <mentionClass id="NegCue">but</mentionClass>
    </classMention>
    <annotation>
        <mention id="EHOST_Instance_2403" />
        <annotator id="01">A1</annotator>
        <span start="2947" end="2964" />
        <spannedText>On the other hand</spannedText>
        <creationDate>Thu Jan 13 18:53:48 CET 2022</creationDate>
    </annotation>
    <classMention id="EHOST_Instance_2403">
        <mentionClass id="MWNC">On the other hand</mentionClass>
    </classMention>
    <annotation>
        <mention id="EHOST_Instance_2404" />
        <annotator id="01">A1</annotator>
        <span start="4127" end="4130" />
        <spannedText>not</spannedText>
        <creationDate>Thu Jan 13 18:55:28 CET 2022</creationDate>
    </annotation>
    <classMention id="EHOST_Instance_2404">
        <mentionClass id="NegCue">not</mentionClass>
    </classMention>
    <annotation>
        <mention id="EHOST_Instance_2405" />
        <annotator id="01">A1</annotator>
        <span start="4050" end="4053" />
        <spannedText>not</spannedText>
        <creationDate>Thu Jan 13 18:55:32 CET 2022</creationDate>
    </annotation>
    <classMention id="EHOST_Instance_2405">
        <mentionClass id="NegCue">not</mentionClass>
    </classMention>
    <annotation>
        <mention id="EHOST_Instance_2406" />
        <annotator id="01">A1</annotator>
        <span start="5002" end="5004" />
        <spannedText>no</spannedText>
        <creationDate>Thu Jan 13 18:56:19 CET 2022</creationDate>
    </annotation>
    <classMention id="EHOST_Instance_2406">
        <mentionClass id="NegCue">no</mentionClass>
    </classMention>
    <annotation>
        <mention id="EHOST_Instance_2407" />
        <annotator id="01">A1</annotator>
        <span start="5169" end="5171" />
        <spannedText>no</spannedText>
        <creationDate>Thu Jan 13 18:56:27 CET 2022</creationDate>
    </annotation>
    <classMention id="EHOST_Instance_2407">
        <mentionClass id="NegCue">no</mentionClass>
    </classMention>
    <annotation>
        <mention id="EHOST_Instance_2408" />
        <annotator id="01">A1</annotator>
        <span start="5331" end="5334" />
        <spannedText>not</spannedText>
        <creationDate>Thu Jan 13 18:56:43 CET 2022</creationDate>
    </annotation>
    <classMention id="EHOST_Instance_2408">
        <mentionClass id="NegCue">not</mentionClass>
    </classMention>
    <annotation>
        <mention id="EHOST_Instance_2409" />
        <annotator id="01">A1</annotator>
        <span start="6399" end="6402" />
        <spannedText>not</spannedText>
        <creationDate>Thu Jan 13 18:57:24 CET 2022</creationDate>
    </annotation>
    <classMention id="EHOST_Instance_2409">
        <mentionClass id="NegCue">not</mentionClass>
    </classMention>
    <eHOST_Adjudication_Status version="1.0">
        <Adjudication_Selected_Annotators version="1.0">
            <Annotator>Ajda</Annotator>
            <Annotator>tuvay</Annotator>
            <Annotator>ADJUDICATION</Annotator>
        </Adjudication_Selected_Annotators>
        <Adjudication_Selected_Classes version="1.0">
            <Class>NegCue</Class>
            <Class>MWNC</Class>
        </Adjudication_Selected_Classes>
        <Adjudication_Others>
            <CHECK_OVERLAPPED_SPANS>false</CHECK_OVERLAPPED_SPANS>
            <CHECK_ATTRIBUTES>false</CHECK_ATTRIBUTES>
            <CHECK_RELATIONSHIP>false</CHECK_RELATIONSHIP>
            <CHECK_CLASS>false</CHECK_CLASS>
            <CHECK_COMMENT>false</CHECK_COMMENT>
        </Adjudication_Others>
    </eHOST_Adjudication_Status>
</annotations>

