<?xml version="1.0" encoding="UTF-8"?>
<annotations textSource="cdc-gov_20170703T010627.txt">
    <annotation>
        <mention id="EHOST_Instance_2435" />
        <annotator id="01">A1</annotator>
        <span start="1012" end="1015" />
        <spannedText>not</spannedText>
        <creationDate>Thu Jan 13 19:16:17 CET 2022</creationDate>
    </annotation>
    <classMention id="EHOST_Instance_2435">
        <mentionClass id="NegCue">not</mentionClass>
    </classMention>
    <annotation>
        <mention id="EHOST_Instance_2436" />
        <annotator id="01">A1</annotator>
        <span start="1567" end="1570" />
        <spannedText>not</spannedText>
        <creationDate>Thu Jan 13 19:16:42 CET 2022</creationDate>
    </annotation>
    <classMention id="EHOST_Instance_2436">
        <mentionClass id="NegCue">not</mentionClass>
    </classMention>
    <annotation>
        <mention id="EHOST_Instance_2437" />
        <annotator id="01">A1</annotator>
        <span start="2295" end="2298" />
        <spannedText>not</spannedText>
        <creationDate>Thu Jan 13 19:17:39 CET 2022</creationDate>
    </annotation>
    <classMention id="EHOST_Instance_2437">
        <mentionClass id="NegCue">not</mentionClass>
    </classMention>
    <annotation>
        <mention id="EHOST_Instance_2438" />
        <annotator id="01">A1</annotator>
        <span start="2688" end="2695" />
        <spannedText>However</spannedText>
        <creationDate>Thu Jan 13 19:17:55 CET 2022</creationDate>
    </annotation>
    <classMention id="EHOST_Instance_2438">
        <mentionClass id="MWNC">However</mentionClass>
    </classMention>
    <annotation>
        <mention id="EHOST_Instance_2439" />
        <annotator id="01">A1</annotator>
        <span start="2839" end="2842" />
        <spannedText>not</spannedText>
        <creationDate>Thu Jan 13 19:18:00 CET 2022</creationDate>
    </annotation>
    <classMention id="EHOST_Instance_2439">
        <mentionClass id="NegCue">not</mentionClass>
    </classMention>
    <eHOST_Adjudication_Status version="1.0">
        <Adjudication_Selected_Annotators version="1.0">
            <Annotator>Ajda</Annotator>
            <Annotator>tuvay</Annotator>
            <Annotator>ADJUDICATION</Annotator>
        </Adjudication_Selected_Annotators>
        <Adjudication_Selected_Classes version="1.0">
            <Class>NegCue</Class>
            <Class>MWNC</Class>
        </Adjudication_Selected_Classes>
        <Adjudication_Others>
            <CHECK_OVERLAPPED_SPANS>false</CHECK_OVERLAPPED_SPANS>
            <CHECK_ATTRIBUTES>false</CHECK_ATTRIBUTES>
            <CHECK_RELATIONSHIP>false</CHECK_RELATIONSHIP>
            <CHECK_CLASS>false</CHECK_CLASS>
            <CHECK_COMMENT>false</CHECK_COMMENT>
        </Adjudication_Others>
    </eHOST_Adjudication_Status>
</annotations>

