<?xml version="1.0" encoding="UTF-8"?>
<annotations textSource="Couples-Resorts-Message-Board_20160822T123023.txt">
    <annotation>
        <mention id="EHOST_Instance_2516" />
        <annotator id="01">A1</annotator>
        <span start="95" end="101" />
        <spannedText>didn't</spannedText>
        <creationDate>Thu Jan 13 19:50:07 CET 2022</creationDate>
    </annotation>
    <classMention id="EHOST_Instance_2516">
        <mentionClass id="NegCue">didn't</mentionClass>
    </classMention>
    <annotation>
        <mention id="EHOST_Instance_2517" />
        <annotator id="01">A1</annotator>
        <span start="309" end="314" />
        <spannedText>don't</spannedText>
        <creationDate>Thu Jan 13 19:50:16 CET 2022</creationDate>
    </annotation>
    <classMention id="EHOST_Instance_2517">
        <mentionClass id="NegCue">don't</mentionClass>
    </classMention>
    <annotation>
        <mention id="EHOST_Instance_2518" />
        <annotator id="01">A1</annotator>
        <span start="398" end="401" />
        <spannedText>not</spannedText>
        <creationDate>Thu Jan 13 19:50:23 CET 2022</creationDate>
    </annotation>
    <classMention id="EHOST_Instance_2518">
        <mentionClass id="NegCue">not</mentionClass>
    </classMention>
    <annotation>
        <mention id="EHOST_Instance_2519" />
        <annotator id="01">A1</annotator>
        <span start="550" end="553" />
        <spannedText>not</spannedText>
        <creationDate>Thu Jan 13 19:50:30 CET 2022</creationDate>
    </annotation>
    <classMention id="EHOST_Instance_2519">
        <mentionClass id="NegCue">not</mentionClass>
    </classMention>
    <annotation>
        <mention id="EHOST_Instance_2520" />
        <annotator id="01">A1</annotator>
        <span start="767" end="770" />
        <spannedText>not</spannedText>
        <creationDate>Thu Jan 13 19:50:43 CET 2022</creationDate>
    </annotation>
    <classMention id="EHOST_Instance_2520">
        <mentionClass id="NegCue">not</mentionClass>
    </classMention>
    <annotation>
        <mention id="EHOST_Instance_2521" />
        <annotator id="01">A1</annotator>
        <span start="850" end="852" />
        <spannedText>no</spannedText>
        <creationDate>Thu Jan 13 19:50:48 CET 2022</creationDate>
    </annotation>
    <classMention id="EHOST_Instance_2521">
        <mentionClass id="NegCue">no</mentionClass>
    </classMention>
    <annotation>
        <mention id="EHOST_Instance_2522" />
        <annotator id="01">A1</annotator>
        <span start="973" end="976" />
        <spannedText>not</spannedText>
        <creationDate>Thu Jan 13 19:50:54 CET 2022</creationDate>
    </annotation>
    <classMention id="EHOST_Instance_2522">
        <mentionClass id="NegCue">not</mentionClass>
    </classMention>
    <annotation>
        <mention id="EHOST_Instance_2523" />
        <annotator id="01">A1</annotator>
        <span start="1202" end="1205" />
        <spannedText>not</spannedText>
        <creationDate>Thu Jan 13 19:51:07 CET 2022</creationDate>
    </annotation>
    <classMention id="EHOST_Instance_2523">
        <mentionClass id="NegCue">not</mentionClass>
    </classMention>
    <eHOST_Adjudication_Status version="1.0">
        <Adjudication_Selected_Annotators version="1.0">
            <Annotator>Ajda</Annotator>
            <Annotator>tuvay</Annotator>
            <Annotator>ADJUDICATION</Annotator>
        </Adjudication_Selected_Annotators>
        <Adjudication_Selected_Classes version="1.0">
            <Class>NegCue</Class>
            <Class>MWNC</Class>
        </Adjudication_Selected_Classes>
        <Adjudication_Others>
            <CHECK_OVERLAPPED_SPANS>false</CHECK_OVERLAPPED_SPANS>
            <CHECK_ATTRIBUTES>false</CHECK_ATTRIBUTES>
            <CHECK_RELATIONSHIP>false</CHECK_RELATIONSHIP>
            <CHECK_CLASS>false</CHECK_CLASS>
            <CHECK_COMMENT>false</CHECK_COMMENT>
        </Adjudication_Others>
    </eHOST_Adjudication_Status>
</annotations>

