<?xml version="1.0" encoding="UTF-8"?>
<annotations textSource="Daily-Intelligencer_20160903T110638.txt">
    <annotation>
        <mention id="EHOST_Instance_2464" />
        <annotator id="01">A1</annotator>
        <span start="406" end="418" />
        <spannedText>unvaccinated</spannedText>
        <creationDate>Thu Jan 13 19:41:18 CET 2022</creationDate>
    </annotation>
    <classMention id="EHOST_Instance_2464">
        <mentionClass id="NegCue">unvaccinated</mentionClass>
    </classMention>
    <annotation>
        <mention id="EHOST_Instance_2465" />
        <annotator id="01">A1</annotator>
        <span start="661" end="673" />
        <spannedText>unvaccinated</spannedText>
        <creationDate>Thu Jan 13 19:41:55 CET 2022</creationDate>
    </annotation>
    <classMention id="EHOST_Instance_2465">
        <mentionClass id="NegCue">unvaccinated</mentionClass>
    </classMention>
    <annotation>
        <mention id="EHOST_Instance_2466" />
        <annotator id="01">A1</annotator>
        <span start="844" end="850" />
        <spannedText>aren’t</spannedText>
        <creationDate>Thu Jan 13 19:42:18 CET 2022</creationDate>
    </annotation>
    <classMention id="EHOST_Instance_2466">
        <mentionClass id="NegCue">aren’t</mentionClass>
    </classMention>
    <annotation>
        <mention id="EHOST_Instance_2467" />
        <annotator id="01">A1</annotator>
        <span start="862" end="865" />
        <spannedText>not</spannedText>
        <creationDate>Thu Jan 13 19:42:22 CET 2022</creationDate>
    </annotation>
    <classMention id="EHOST_Instance_2467">
        <mentionClass id="NegCue">not</mentionClass>
    </classMention>
    <annotation>
        <mention id="EHOST_Instance_2468" />
        <annotator id="01">A1</annotator>
        <span start="1010" end="1025" />
        <spannedText>non-vaccination</spannedText>
        <creationDate>Thu Jan 13 19:42:41 CET 2022</creationDate>
    </annotation>
    <classMention id="EHOST_Instance_2468">
        <mentionClass id="NegCue">non-vaccination</mentionClass>
    </classMention>
    <annotation>
        <mention id="EHOST_Instance_2469" />
        <annotator id="01">A1</annotator>
        <span start="989" end="1005" />
        <spannedText>anti-vaccination</spannedText>
        <creationDate>Thu Jan 13 19:42:46 CET 2022</creationDate>
    </annotation>
    <classMention id="EHOST_Instance_2469">
        <mentionClass id="NegCue">anti-vaccination</mentionClass>
    </classMention>
    <annotation>
        <mention id="EHOST_Instance_2470" />
        <annotator id="01">A1</annotator>
        <span start="1381" end="1384" />
        <spannedText>but</spannedText>
        <creationDate>Thu Jan 13 19:44:04 CET 2022</creationDate>
    </annotation>
    <classMention id="EHOST_Instance_2470">
        <mentionClass id="NegCue">but</mentionClass>
    </classMention>
    <annotation>
        <mention id="EHOST_Instance_2471" />
        <annotator id="01">A1</annotator>
        <span start="1550" end="1553" />
        <spannedText>but</spannedText>
        <creationDate>Thu Jan 13 19:44:47 CET 2022</creationDate>
    </annotation>
    <classMention id="EHOST_Instance_2471">
        <mentionClass id="NegCue">but</mentionClass>
    </classMention>
    <annotation>
        <mention id="EHOST_Instance_2472" />
        <annotator id="01">A1</annotator>
        <span start="1610" end="1613" />
        <spannedText>Not</spannedText>
        <creationDate>Thu Jan 13 19:44:52 CET 2022</creationDate>
    </annotation>
    <classMention id="EHOST_Instance_2472">
        <mentionClass id="NegCue">Not</mentionClass>
    </classMention>
    <annotation>
        <mention id="EHOST_Instance_2473" />
        <annotator id="01">A1</annotator>
        <span start="1747" end="1750" />
        <spannedText>but</spannedText>
        <creationDate>Thu Jan 13 19:45:08 CET 2022</creationDate>
    </annotation>
    <classMention id="EHOST_Instance_2473">
        <mentionClass id="NegCue">but</mentionClass>
    </classMention>
    <annotation>
        <mention id="EHOST_Instance_2474" />
        <annotator id="01">A1</annotator>
        <span start="1751" end="1758" />
        <spannedText>haven’t</spannedText>
        <creationDate>Thu Jan 13 19:45:12 CET 2022</creationDate>
    </annotation>
    <classMention id="EHOST_Instance_2474">
        <mentionClass id="NegCue">haven’t</mentionClass>
    </classMention>
    <annotation>
        <mention id="EHOST_Instance_2475" />
        <annotator id="01">A1</annotator>
        <span start="2017" end="2021" />
        <spannedText>deny</spannedText>
        <creationDate>Thu Jan 13 19:45:38 CET 2022</creationDate>
    </annotation>
    <classMention id="EHOST_Instance_2475">
        <mentionClass id="NegCue">deny</mentionClass>
    </classMention>
    <annotation>
        <mention id="EHOST_Instance_2476" />
        <annotator id="01">A1</annotator>
        <span start="2424" end="2431" />
        <spannedText>Nothing</spannedText>
        <creationDate>Thu Jan 13 19:46:03 CET 2022</creationDate>
    </annotation>
    <classMention id="EHOST_Instance_2476">
        <mentionClass id="NegCue">Nothing</mentionClass>
    </classMention>
    <annotation>
        <mention id="EHOST_Instance_2477" />
        <annotator id="01">A1</annotator>
        <span start="2513" end="2521" />
        <spannedText>unvaxxed</spannedText>
        <creationDate>Thu Jan 13 19:46:10 CET 2022</creationDate>
    </annotation>
    <classMention id="EHOST_Instance_2477">
        <mentionClass id="NegCue">unvaxxed</mentionClass>
    </classMention>
    <annotation>
        <mention id="EHOST_Instance_2478" />
        <annotator id="01">A1</annotator>
        <span start="2571" end="2574" />
        <spannedText>not</spannedText>
        <creationDate>Thu Jan 13 19:46:21 CET 2022</creationDate>
    </annotation>
    <classMention id="EHOST_Instance_2478">
        <mentionClass id="NegCue">not</mentionClass>
    </classMention>
    <annotation>
        <mention id="EHOST_Instance_2479" />
        <annotator id="01">A1</annotator>
        <span start="3163" end="3166" />
        <spannedText>But</spannedText>
        <creationDate>Thu Jan 13 19:46:44 CET 2022</creationDate>
    </annotation>
    <classMention id="EHOST_Instance_2479">
        <mentionClass id="NegCue">But</mentionClass>
    </classMention>
    <annotation>
        <mention id="EHOST_Instance_2480" />
        <annotator id="01">A1</annotator>
        <span start="3260" end="3263" />
        <spannedText>not</spannedText>
        <creationDate>Thu Jan 13 19:46:51 CET 2022</creationDate>
    </annotation>
    <classMention id="EHOST_Instance_2480">
        <mentionClass id="NegCue">not</mentionClass>
    </classMention>
    <annotation>
        <mention id="EHOST_Instance_2481" />
        <annotator id="01">A1</annotator>
        <span start="3582" end="3585" />
        <spannedText>but</spannedText>
        <creationDate>Thu Jan 13 19:47:06 CET 2022</creationDate>
    </annotation>
    <classMention id="EHOST_Instance_2481">
        <mentionClass id="NegCue">but</mentionClass>
    </classMention>
    <annotation>
        <mention id="EHOST_Instance_2482" />
        <annotator id="01">A1</annotator>
        <span start="3963" end="3966" />
        <spannedText>not</spannedText>
        <creationDate>Thu Jan 13 19:47:22 CET 2022</creationDate>
    </annotation>
    <classMention id="EHOST_Instance_2482">
        <mentionClass id="NegCue">not</mentionClass>
    </classMention>
    <annotation>
        <mention id="EHOST_Instance_2483" />
        <annotator id="01">A1</annotator>
        <span start="4056" end="4061" />
        <spannedText>never</spannedText>
        <creationDate>Thu Jan 13 19:47:26 CET 2022</creationDate>
    </annotation>
    <classMention id="EHOST_Instance_2483">
        <mentionClass id="NegCue">never</mentionClass>
    </classMention>
    <annotation>
        <mention id="EHOST_Instance_2484" />
        <annotator id="01">A1</annotator>
        <span start="4490" end="4493" />
        <spannedText>not</spannedText>
        <creationDate>Thu Jan 13 19:47:44 CET 2022</creationDate>
    </annotation>
    <classMention id="EHOST_Instance_2484">
        <mentionClass id="NegCue">not</mentionClass>
    </classMention>
    <annotation>
        <mention id="EHOST_Instance_2485" />
        <annotator id="01">A1</annotator>
        <span start="4868" end="4871" />
        <spannedText>But</spannedText>
        <creationDate>Thu Jan 13 19:48:02 CET 2022</creationDate>
    </annotation>
    <classMention id="EHOST_Instance_2485">
        <mentionClass id="NegCue">But</mentionClass>
    </classMention>
    <annotation>
        <mention id="EHOST_Instance_2486" />
        <annotator id="01">A1</annotator>
        <span start="4963" end="4973" />
        <spannedText>non-vaxxed</spannedText>
        <creationDate>Thu Jan 13 19:48:07 CET 2022</creationDate>
    </annotation>
    <classMention id="EHOST_Instance_2486">
        <mentionClass id="NegCue">non-vaxxed</mentionClass>
    </classMention>
    <annotation>
        <mention id="EHOST_Instance_2487" />
        <annotator id="01">A1</annotator>
        <span start="5297" end="5300" />
        <spannedText>but</spannedText>
        <creationDate>Thu Jan 13 19:48:24 CET 2022</creationDate>
    </annotation>
    <classMention id="EHOST_Instance_2487">
        <mentionClass id="NegCue">but</mentionClass>
    </classMention>
    <annotation>
        <mention id="EHOST_Instance_2488" />
        <annotator id="01">A1</annotator>
        <span start="5680" end="5687" />
        <spannedText>doesn’t</spannedText>
        <creationDate>Thu Jan 13 19:48:51 CET 2022</creationDate>
    </annotation>
    <classMention id="EHOST_Instance_2488">
        <mentionClass id="NegCue">doesn’t</mentionClass>
    </classMention>
    <annotation>
        <mention id="EHOST_Instance_2489" />
        <annotator id="01">A1</annotator>
        <span start="5717" end="5721" />
        <spannedText>cant</spannedText>
        <creationDate>Thu Jan 13 19:48:54 CET 2022</creationDate>
    </annotation>
    <classMention id="EHOST_Instance_2489">
        <mentionClass id="NegCue">cant</mentionClass>
    </classMention>
    <annotation>
        <mention id="EHOST_Instance_2490" />
        <annotator id="01">A1</annotator>
        <span start="6107" end="6110" />
        <spannedText>not</spannedText>
        <creationDate>Thu Jan 13 19:49:09 CET 2022</creationDate>
    </annotation>
    <classMention id="EHOST_Instance_2490">
        <mentionClass id="NegCue">not</mentionClass>
    </classMention>
    <annotation>
        <mention id="EHOST_Instance_2491" />
        <annotator id="01">A1</annotator>
        <span start="6127" end="6130" />
        <spannedText>but</spannedText>
        <creationDate>Thu Jan 13 19:49:12 CET 2022</creationDate>
    </annotation>
    <classMention id="EHOST_Instance_2491">
        <mentionClass id="NegCue">but</mentionClass>
    </classMention>
    <annotation>
        <mention id="EHOST_Instance_2492" />
        <annotator id="01">A1</annotator>
        <span start="6349" end="6359" />
        <spannedText>non-vaxers</spannedText>
        <creationDate>Thu Jan 13 19:49:27 CET 2022</creationDate>
    </annotation>
    <classMention id="EHOST_Instance_2492">
        <mentionClass id="NegCue">non-vaxers</mentionClass>
    </classMention>
    <annotation>
        <mention id="EHOST_Instance_2493" />
        <annotator id="01">A1</annotator>
        <span start="6596" end="6605" />
        <spannedText>disregard</spannedText>
        <creationDate>Thu Jan 13 19:49:41 CET 2022</creationDate>
    </annotation>
    <classMention id="EHOST_Instance_2493">
        <mentionClass id="NegCue">disregard</mentionClass>
    </classMention>
    <annotation>
        <mention id="EHOST_Instance_2494" />
        <annotator id="01">A1</annotator>
        <span start="6672" end="6675" />
        <spannedText>not</spannedText>
        <creationDate>Thu Jan 13 19:49:47 CET 2022</creationDate>
    </annotation>
    <classMention id="EHOST_Instance_2494">
        <mentionClass id="NegCue">not</mentionClass>
    </classMention>
    <annotation>
        <mention id="EHOST_Instance_2495" />
        <annotator id="01">A1</annotator>
        <span start="6698" end="6701" />
        <spannedText>but</spannedText>
        <creationDate>Thu Jan 13 19:49:51 CET 2022</creationDate>
    </annotation>
    <classMention id="EHOST_Instance_2495">
        <mentionClass id="NegCue">but</mentionClass>
    </classMention>
    <annotation>
        <mention id="EHOST_Instance_2496" />
        <annotator id="01">A1</annotator>
        <span start="6549" end="6551" />
        <spannedText>No</spannedText>
        <creationDate>Thu Jan 13 22:36:08 CET 2022</creationDate>
    </annotation>
    <classMention id="EHOST_Instance_2496">
        <mentionClass id="NegCue">No</mentionClass>
    </classMention>
    <eHOST_Adjudication_Status version="1.0">
        <Adjudication_Selected_Annotators version="1.0">
            <Annotator>Ajda</Annotator>
            <Annotator>tuvay</Annotator>
            <Annotator>ADJUDICATION</Annotator>
        </Adjudication_Selected_Annotators>
        <Adjudication_Selected_Classes version="1.0">
            <Class>NegCue</Class>
            <Class>MWNC</Class>
        </Adjudication_Selected_Classes>
        <Adjudication_Others>
            <CHECK_OVERLAPPED_SPANS>false</CHECK_OVERLAPPED_SPANS>
            <CHECK_ATTRIBUTES>false</CHECK_ATTRIBUTES>
            <CHECK_RELATIONSHIP>false</CHECK_RELATIONSHIP>
            <CHECK_CLASS>false</CHECK_CLASS>
            <CHECK_COMMENT>false</CHECK_COMMENT>
        </Adjudication_Others>
    </eHOST_Adjudication_Status>
</annotations>

