<?xml version="1.0" encoding="UTF-8"?>
<annotations textSource="dogsnaturallymagazine-com_20160430T211917.txt">
    <annotation>
        <mention id="EHOST_Instance_2440" />
        <annotator id="01">A1</annotator>
        <span start="813" end="821" />
        <spannedText>Wouldn't</spannedText>
        <creationDate>Thu Jan 13 19:18:38 CET 2022</creationDate>
    </annotation>
    <classMention id="EHOST_Instance_2440">
        <mentionClass id="NegCue">Wouldn't</mentionClass>
    </classMention>
    <annotation>
        <mention id="EHOST_Instance_2441" />
        <annotator id="01">A1</annotator>
        <span start="1277" end="1286" />
        <spannedText>desperate</spannedText>
        <creationDate>Thu Jan 13 19:19:05 CET 2022</creationDate>
    </annotation>
    <classMention id="EHOST_Instance_2441">
        <mentionClass id="NegCue">desperate</mentionClass>
    </classMention>
    <annotation>
        <mention id="EHOST_Instance_2442" />
        <annotator id="01">A1</annotator>
        <span start="2610" end="2618" />
        <spannedText>couldn’t</spannedText>
        <creationDate>Thu Jan 13 19:20:20 CET 2022</creationDate>
    </annotation>
    <classMention id="EHOST_Instance_2442">
        <mentionClass id="NegCue">couldn’t</mentionClass>
    </classMention>
    <annotation>
        <mention id="EHOST_Instance_2443" />
        <annotator id="01">A1</annotator>
        <span start="2793" end="2797" />
        <spannedText>deny</spannedText>
        <creationDate>Thu Jan 13 19:20:39 CET 2022</creationDate>
    </annotation>
    <classMention id="EHOST_Instance_2443">
        <mentionClass id="NegCue">deny</mentionClass>
    </classMention>
    <annotation>
        <mention id="EHOST_Instance_2444" />
        <annotator id="01">A1</annotator>
        <span start="3214" end="3224" />
        <spannedText>exacerbate</spannedText>
        <creationDate>Thu Jan 13 19:21:18 CET 2022</creationDate>
    </annotation>
    <classMention id="EHOST_Instance_2444">
        <mentionClass id="NegCue">exacerbate</mentionClass>
    </classMention>
    <annotation>
        <mention id="EHOST_Instance_2445" />
        <annotator id="01">A1</annotator>
        <span start="3240" end="3251" />
        <spannedText>irreparable</spannedText>
        <creationDate>Thu Jan 13 19:21:25 CET 2022</creationDate>
    </annotation>
    <classMention id="EHOST_Instance_2445">
        <mentionClass id="NegCue">irreparable</mentionClass>
    </classMention>
    <annotation>
        <mention id="EHOST_Instance_2446" />
        <annotator id="01">A1</annotator>
        <span start="3487" end="3490" />
        <spannedText>not</spannedText>
        <creationDate>Thu Jan 13 19:21:48 CET 2022</creationDate>
    </annotation>
    <classMention id="EHOST_Instance_2446">
        <mentionClass id="NegCue">not</mentionClass>
    </classMention>
    <annotation>
        <mention id="EHOST_Instance_2447" />
        <annotator id="01">A1</annotator>
        <span start="3501" end="3504" />
        <spannedText>but</spannedText>
        <creationDate>Thu Jan 13 19:21:51 CET 2022</creationDate>
    </annotation>
    <classMention id="EHOST_Instance_2447">
        <mentionClass id="NegCue">but</mentionClass>
    </classMention>
    <annotation>
        <mention id="EHOST_Instance_2448" />
        <annotator id="01">A1</annotator>
        <span start="3665" end="3670" />
        <spannedText>Never</spannedText>
        <creationDate>Thu Jan 13 19:22:19 CET 2022</creationDate>
    </annotation>
    <classMention id="EHOST_Instance_2448">
        <mentionClass id="NegCue">Never</mentionClass>
    </classMention>
    <annotation>
        <mention id="EHOST_Instance_2449" />
        <annotator id="01">A1</annotator>
        <span start="3505" end="3622" />
        <spannedText>neither are pets suffering from stress from a move or surgery, a virus or infection, or allergies or skin problems or</spannedText>
        <creationDate>Thu Jan 13 19:24:02 CET 2022</creationDate>
    </annotation>
    <classMention id="EHOST_Instance_2449">
        <mentionClass id="MWNC">neither are pets suffering from stress from a move or surgery, a virus or infection, or allergies or skin problems or</mentionClass>
    </classMention>
    <annotation>
        <mention id="EHOST_Instance_2450" />
        <annotator id="01">A1</annotator>
        <span start="3968" end="3973" />
        <spannedText>won’t</spannedText>
        <creationDate>Thu Jan 13 19:24:19 CET 2022</creationDate>
    </annotation>
    <classMention id="EHOST_Instance_2450">
        <mentionClass id="NegCue">won’t</mentionClass>
    </classMention>
    <annotation>
        <mention id="EHOST_Instance_2451" />
        <annotator id="01">A1</annotator>
        <span start="4107" end="4116" />
        <spannedText>unhealthy</spannedText>
        <creationDate>Thu Jan 13 19:24:28 CET 2022</creationDate>
    </annotation>
    <classMention id="EHOST_Instance_2451">
        <mentionClass id="NegCue">unhealthy</mentionClass>
    </classMention>
    <annotation>
        <mention id="EHOST_Instance_2452" />
        <annotator id="01">A1</annotator>
        <span start="4321" end="4326" />
        <spannedText>Don’t</spannedText>
        <creationDate>Thu Jan 13 19:24:54 CET 2022</creationDate>
    </annotation>
    <classMention id="EHOST_Instance_2452">
        <mentionClass id="NegCue">Don’t</mentionClass>
    </classMention>
    <annotation>
        <mention id="EHOST_Instance_2453" />
        <annotator id="01">A1</annotator>
        <span start="4868" end="4871" />
        <spannedText>but</spannedText>
        <creationDate>Thu Jan 13 19:25:36 CET 2022</creationDate>
    </annotation>
    <classMention id="EHOST_Instance_2453">
        <mentionClass id="NegCue">but</mentionClass>
    </classMention>
    <annotation>
        <mention id="EHOST_Instance_2454" />
        <annotator id="01">A1</annotator>
        <span start="4872" end="4875" />
        <spannedText>not</spannedText>
        <creationDate>Thu Jan 13 19:25:38 CET 2022</creationDate>
    </annotation>
    <classMention id="EHOST_Instance_2454">
        <mentionClass id="NegCue">not</mentionClass>
    </classMention>
    <annotation>
        <mention id="EHOST_Instance_2455" />
        <annotator id="01">A1</annotator>
        <span start="4984" end="4987" />
        <spannedText>not</spannedText>
        <creationDate>Thu Jan 13 19:25:54 CET 2022</creationDate>
    </annotation>
    <classMention id="EHOST_Instance_2455">
        <mentionClass id="NegCue">not</mentionClass>
    </classMention>
    <annotation>
        <mention id="EHOST_Instance_2456" />
        <annotator id="01">A1</annotator>
        <span start="5141" end="5146" />
        <spannedText>don’t</spannedText>
        <creationDate>Thu Jan 13 19:26:14 CET 2022</creationDate>
    </annotation>
    <classMention id="EHOST_Instance_2456">
        <mentionClass id="NegCue">don’t</mentionClass>
    </classMention>
    <annotation>
        <mention id="EHOST_Instance_2457" />
        <annotator id="01">A1</annotator>
        <span start="5619" end="5626" />
        <spannedText>doesn’t</spannedText>
        <creationDate>Thu Jan 13 19:26:58 CET 2022</creationDate>
    </annotation>
    <classMention id="EHOST_Instance_2457">
        <mentionClass id="NegCue">doesn’t</mentionClass>
    </classMention>
    <annotation>
        <mention id="EHOST_Instance_2458" />
        <annotator id="01">A1</annotator>
        <span start="6425" end="6430" />
        <spannedText>Don’t</spannedText>
        <creationDate>Thu Jan 13 19:27:30 CET 2022</creationDate>
    </annotation>
    <classMention id="EHOST_Instance_2458">
        <mentionClass id="NegCue">Don’t</mentionClass>
    </classMention>
    <annotation>
        <mention id="EHOST_Instance_2459" />
        <annotator id="01">A1</annotator>
        <span start="7079" end="7082" />
        <spannedText>not</spannedText>
        <creationDate>Thu Jan 13 19:27:47 CET 2022</creationDate>
    </annotation>
    <classMention id="EHOST_Instance_2459">
        <mentionClass id="NegCue">not</mentionClass>
    </classMention>
    <annotation>
        <mention id="EHOST_Instance_2460" />
        <annotator id="01">A1</annotator>
        <span start="7128" end="7131" />
        <spannedText>not</spannedText>
        <creationDate>Thu Jan 13 19:27:51 CET 2022</creationDate>
    </annotation>
    <classMention id="EHOST_Instance_2460">
        <mentionClass id="NegCue">not</mentionClass>
    </classMention>
    <annotation>
        <mention id="EHOST_Instance_2461" />
        <annotator id="01">A1</annotator>
        <span start="7767" end="7778" />
        <spannedText>unnecessary</spannedText>
        <creationDate>Thu Jan 13 19:28:15 CET 2022</creationDate>
    </annotation>
    <classMention id="EHOST_Instance_2461">
        <mentionClass id="NegCue">unnecessary</mentionClass>
    </classMention>
    <annotation>
        <mention id="EHOST_Instance_2462" />
        <annotator id="01">A1</annotator>
        <span start="9715" end="9718" />
        <spannedText>not</spannedText>
        <creationDate>Thu Jan 13 19:29:37 CET 2022</creationDate>
    </annotation>
    <classMention id="EHOST_Instance_2462">
        <mentionClass id="NegCue">not</mentionClass>
    </classMention>
    <annotation>
        <mention id="EHOST_Instance_2463" />
        <annotator id="01">A1</annotator>
        <span start="10063" end="10066" />
        <spannedText>not</spannedText>
        <creationDate>Thu Jan 13 19:29:49 CET 2022</creationDate>
    </annotation>
    <classMention id="EHOST_Instance_2463">
        <mentionClass id="NegCue">not</mentionClass>
    </classMention>
    <eHOST_Adjudication_Status version="1.0">
        <Adjudication_Selected_Annotators version="1.0">
            <Annotator>Ajda</Annotator>
            <Annotator>tuvay</Annotator>
            <Annotator>ADJUDICATION</Annotator>
        </Adjudication_Selected_Annotators>
        <Adjudication_Selected_Classes version="1.0">
            <Class>NegCue</Class>
            <Class>MWNC</Class>
        </Adjudication_Selected_Classes>
        <Adjudication_Others>
            <CHECK_OVERLAPPED_SPANS>false</CHECK_OVERLAPPED_SPANS>
            <CHECK_ATTRIBUTES>false</CHECK_ATTRIBUTES>
            <CHECK_RELATIONSHIP>false</CHECK_RELATIONSHIP>
            <CHECK_CLASS>false</CHECK_CLASS>
            <CHECK_COMMENT>false</CHECK_COMMENT>
        </Adjudication_Others>
    </eHOST_Adjudication_Status>
</annotations>

