<?xml version="1.0" encoding="UTF-8"?>
<annotations textSource="emergency-cdc-gov_20170616T203204.txt">
    <annotation>
        <mention id="EHOST_Instance_2376" />
        <annotator id="01">A1</annotator>
        <span start="2861" end="2873" />
        <spannedText>unvaccinated</spannedText>
        <creationDate>Wed Jan 12 14:14:51 CET 2022</creationDate>
    </annotation>
    <classMention id="EHOST_Instance_2376">
        <mentionClass id="NegCue">unvaccinated</mentionClass>
    </classMention>
    <annotation>
        <mention id="EHOST_Instance_2377" />
        <annotator id="01">A1</annotator>
        <span start="3043" end="3055" />
        <spannedText>unvaccinated</spannedText>
        <creationDate>Wed Jan 12 14:14:54 CET 2022</creationDate>
    </annotation>
    <classMention id="EHOST_Instance_2377">
        <mentionClass id="NegCue">unvaccinated</mentionClass>
    </classMention>
    <annotation>
        <mention id="EHOST_Instance_2378" />
        <annotator id="01">A1</annotator>
        <span start="3881" end="3893" />
        <spannedText>unvaccinated</spannedText>
        <creationDate>Wed Jan 12 14:15:12 CET 2022</creationDate>
    </annotation>
    <classMention id="EHOST_Instance_2378">
        <mentionClass id="NegCue">unvaccinated</mentionClass>
    </classMention>
    <annotation>
        <mention id="EHOST_Instance_2379" />
        <annotator id="01">A1</annotator>
        <span start="3483" end="3486" />
        <spannedText>not</spannedText>
        <creationDate>Wed Jan 12 14:19:08 CET 2022</creationDate>
    </annotation>
    <classMention id="EHOST_Instance_2379">
        <mentionClass id="NegCue">not</mentionClass>
    </classMention>
    <annotation>
        <mention id="EHOST_Instance_2380" />
        <annotator id="01">A1</annotator>
        <span start="4552" end="4557" />
        <spannedText>never</spannedText>
        <creationDate>Wed Jan 12 14:20:35 CET 2022</creationDate>
    </annotation>
    <classMention id="EHOST_Instance_2380">
        <mentionClass id="NegCue">never</mentionClass>
    </classMention>
    <annotation>
        <mention id="EHOST_Instance_2381" />
        <annotator id="01">A1</annotator>
        <span start="2413" end="2415" />
        <spannedText>no</spannedText>
        <creationDate>Wed Jan 12 14:21:02 CET 2022</creationDate>
    </annotation>
    <classMention id="EHOST_Instance_2381">
        <mentionClass id="NegCue">no</mentionClass>
    </classMention>
    <annotation>
        <mention id="EHOST_Instance_2382" />
        <annotator id="01">A1</annotator>
        <span start="2300" end="2312" />
        <spannedText>unvaccinated</spannedText>
        <creationDate>Thu Jan 13 02:04:23 CET 2022</creationDate>
    </annotation>
    <classMention id="EHOST_Instance_2382">
        <mentionClass id="NegCue">unvaccinated</mentionClass>
    </classMention>
    <annotation>
        <mention id="EHOST_Instance_2383" />
        <annotator id="01">A1</annotator>
        <span start="2413" end="2415" />
        <spannedText>no</spannedText>
        <creationDate>Thu Jan 13 02:05:01 CET 2022</creationDate>
    </annotation>
    <classMention id="EHOST_Instance_2383">
        <mentionClass id="NegCue">no</mentionClass>
    </classMention>
    <annotation>
        <mention id="EHOST_Instance_2384" />
        <annotator id="01">A1</annotator>
        <span start="2861" end="2873" />
        <spannedText>unvaccinated</spannedText>
        <creationDate>Thu Jan 13 02:05:30 CET 2022</creationDate>
    </annotation>
    <classMention id="EHOST_Instance_2384">
        <mentionClass id="NegCue">unvaccinated</mentionClass>
    </classMention>
    <annotation>
        <mention id="EHOST_Instance_2385" />
        <annotator id="01">A1</annotator>
        <span start="3043" end="3055" />
        <spannedText>unvaccinated</spannedText>
        <creationDate>Thu Jan 13 02:05:54 CET 2022</creationDate>
    </annotation>
    <classMention id="EHOST_Instance_2385">
        <mentionClass id="NegCue">unvaccinated</mentionClass>
    </classMention>
    <annotation>
        <mention id="EHOST_Instance_2386" />
        <annotator id="01">A1</annotator>
        <span start="3483" end="3486" />
        <spannedText>not</spannedText>
        <creationDate>Thu Jan 13 02:06:49 CET 2022</creationDate>
    </annotation>
    <classMention id="EHOST_Instance_2386">
        <mentionClass id="NegCue">not</mentionClass>
    </classMention>
    <annotation>
        <mention id="EHOST_Instance_2387" />
        <annotator id="01">A1</annotator>
        <span start="3881" end="3893" />
        <spannedText>unvaccinated</spannedText>
        <creationDate>Thu Jan 13 02:09:24 CET 2022</creationDate>
    </annotation>
    <classMention id="EHOST_Instance_2387">
        <mentionClass id="NegCue">unvaccinated</mentionClass>
    </classMention>
    <annotation>
        <mention id="EHOST_Instance_2388" />
        <annotator id="01">A1</annotator>
        <span start="4552" end="4557" />
        <spannedText>never</spannedText>
        <creationDate>Thu Jan 13 02:10:48 CET 2022</creationDate>
    </annotation>
    <classMention id="EHOST_Instance_2388">
        <mentionClass id="NegCue">never</mentionClass>
    </classMention>
    <annotation>
        <mention id="EHOST_Instance_2389" />
        <annotator id="01">A1</annotator>
        <span start="2466" end="2469" />
        <spannedText>but</spannedText>
        <creationDate>Thu Jan 13 22:37:03 CET 2022</creationDate>
    </annotation>
    <classMention id="EHOST_Instance_2389">
        <mentionClass id="NegCue">but</mentionClass>
    </classMention>
    <eHOST_Adjudication_Status version="1.0">
        <Adjudication_Selected_Annotators version="1.0">
            <Annotator>Ajda</Annotator>
            <Annotator>tuvay</Annotator>
            <Annotator>ADJUDICATION</Annotator>
        </Adjudication_Selected_Annotators>
        <Adjudication_Selected_Classes version="1.0">
            <Class>NegCue</Class>
            <Class>MWNC</Class>
        </Adjudication_Selected_Classes>
        <Adjudication_Others>
            <CHECK_OVERLAPPED_SPANS>false</CHECK_OVERLAPPED_SPANS>
            <CHECK_ATTRIBUTES>false</CHECK_ATTRIBUTES>
            <CHECK_RELATIONSHIP>false</CHECK_RELATIONSHIP>
            <CHECK_CLASS>false</CHECK_CLASS>
            <CHECK_COMMENT>false</CHECK_COMMENT>
        </Adjudication_Others>
    </eHOST_Adjudication_Status>
</annotations>

