<?xml version="1.0" encoding="UTF-8"?>
<annotations textSource="en-wikipedia-org_20170318T104602.txt">
    <annotation>
        <mention id="EHOST_Instance_2410" />
        <annotator id="01">A1</annotator>
        <span start="344" end="351" />
        <spannedText>against</spannedText>
        <creationDate>Thu Jan 13 18:58:11 CET 2022</creationDate>
    </annotation>
    <classMention id="EHOST_Instance_2410">
        <mentionClass id="NegCue">against</mentionClass>
    </classMention>
    <annotation>
        <mention id="EHOST_Instance_2411" />
        <annotator id="01">A1</annotator>
        <span start="1152" end="1155" />
        <spannedText>but</spannedText>
        <creationDate>Thu Jan 13 18:59:21 CET 2022</creationDate>
    </annotation>
    <classMention id="EHOST_Instance_2411">
        <mentionClass id="NegCue">but</mentionClass>
    </classMention>
    <annotation>
        <mention id="EHOST_Instance_2412" />
        <annotator id="01">A1</annotator>
        <span start="1315" end="1327" />
        <spannedText>nontechnical</spannedText>
        <creationDate>Thu Jan 13 19:00:10 CET 2022</creationDate>
    </annotation>
    <classMention id="EHOST_Instance_2412">
        <mentionClass id="NegCue">nontechnical</mentionClass>
    </classMention>
    <annotation>
        <mention id="EHOST_Instance_2413" />
        <annotator id="01">A1</annotator>
        <span start="1456" end="1459" />
        <spannedText>not</spannedText>
        <creationDate>Thu Jan 13 19:00:24 CET 2022</creationDate>
    </annotation>
    <classMention id="EHOST_Instance_2413">
        <mentionClass id="NegCue">not</mentionClass>
    </classMention>
    <annotation>
        <mention id="EHOST_Instance_2414" />
        <annotator id="01">A1</annotator>
        <span start="1522" end="1525" />
        <spannedText>not</spannedText>
        <creationDate>Thu Jan 13 19:00:30 CET 2022</creationDate>
    </annotation>
    <classMention id="EHOST_Instance_2414">
        <mentionClass id="NegCue">not</mentionClass>
    </classMention>
    <annotation>
        <mention id="EHOST_Instance_2415" />
        <annotator id="01">A1</annotator>
        <span start="2321" end="2330" />
        <spannedText>incorrect</spannedText>
        <creationDate>Thu Jan 13 19:01:09 CET 2022</creationDate>
    </annotation>
    <classMention id="EHOST_Instance_2415">
        <mentionClass id="NegCue">incorrect</mentionClass>
    </classMention>
    <annotation>
        <mention id="EHOST_Instance_2416" />
        <annotator id="01">A1</annotator>
        <span start="2341" end="2352" />
        <spannedText>erroneously</spannedText>
        <creationDate>Thu Jan 13 19:01:25 CET 2022</creationDate>
    </annotation>
    <classMention id="EHOST_Instance_2416">
        <mentionClass id="NegCue">erroneously</mentionClass>
    </classMention>
    <annotation>
        <mention id="EHOST_Instance_2417" />
        <annotator id="01">A1</annotator>
        <span start="3318" end="3325" />
        <spannedText>However</spannedText>
        <creationDate>Thu Jan 13 19:02:37 CET 2022</creationDate>
    </annotation>
    <classMention id="EHOST_Instance_2417">
        <mentionClass id="MWNC">However</mentionClass>
    </classMention>
    <annotation>
        <mention id="EHOST_Instance_2418" />
        <annotator id="01">A1</annotator>
        <span start="3659" end="3671" />
        <spannedText>unexpectedly</spannedText>
        <creationDate>Thu Jan 13 19:03:08 CET 2022</creationDate>
    </annotation>
    <classMention id="EHOST_Instance_2418">
        <mentionClass id="NegCue">unexpectedly</mentionClass>
    </classMention>
    <annotation>
        <mention id="EHOST_Instance_2419" />
        <annotator id="01">A1</annotator>
        <span start="3722" end="3725" />
        <spannedText>not</spannedText>
        <creationDate>Thu Jan 13 19:03:20 CET 2022</creationDate>
    </annotation>
    <classMention id="EHOST_Instance_2419">
        <mentionClass id="NegCue">not</mentionClass>
    </classMention>
    <annotation>
        <mention id="EHOST_Instance_2420" />
        <annotator id="01">A1</annotator>
        <span start="3923" end="3926" />
        <spannedText>not</spannedText>
        <creationDate>Thu Jan 13 19:03:30 CET 2022</creationDate>
    </annotation>
    <classMention id="EHOST_Instance_2420">
        <mentionClass id="NegCue">not</mentionClass>
    </classMention>
    <annotation>
        <mention id="EHOST_Instance_2421" />
        <annotator id="01">A1</annotator>
        <span start="5152" end="5154" />
        <spannedText>no</spannedText>
        <creationDate>Thu Jan 13 19:04:24 CET 2022</creationDate>
    </annotation>
    <classMention id="EHOST_Instance_2421">
        <mentionClass id="NegCue">no</mentionClass>
    </classMention>
    <annotation>
        <mention id="EHOST_Instance_2422" />
        <annotator id="01">A1</annotator>
        <span start="5375" end="5378" />
        <spannedText>not</spannedText>
        <creationDate>Thu Jan 13 19:04:51 CET 2022</creationDate>
    </annotation>
    <classMention id="EHOST_Instance_2422">
        <mentionClass id="NegCue">not</mentionClass>
    </classMention>
    <annotation>
        <mention id="EHOST_Instance_2423" />
        <annotator id="01">A1</annotator>
        <span start="6404" end="6407" />
        <spannedText>not</spannedText>
        <creationDate>Thu Jan 13 19:06:22 CET 2022</creationDate>
    </annotation>
    <classMention id="EHOST_Instance_2423">
        <mentionClass id="NegCue">not</mentionClass>
    </classMention>
    <annotation>
        <mention id="EHOST_Instance_2424" />
        <annotator id="01">A1</annotator>
        <span start="7104" end="7111" />
        <spannedText>However</spannedText>
        <creationDate>Thu Jan 13 19:06:49 CET 2022</creationDate>
    </annotation>
    <classMention id="EHOST_Instance_2424">
        <mentionClass id="MWNC">However</mentionClass>
    </classMention>
    <annotation>
        <mention id="EHOST_Instance_2425" />
        <annotator id="01">A1</annotator>
        <span start="7131" end="7134" />
        <spannedText>not</spannedText>
        <creationDate>Thu Jan 13 19:06:53 CET 2022</creationDate>
    </annotation>
    <classMention id="EHOST_Instance_2425">
        <mentionClass id="NegCue">not</mentionClass>
    </classMention>
    <annotation>
        <mention id="EHOST_Instance_2426" />
        <annotator id="01">A1</annotator>
        <span start="7738" end="7741" />
        <spannedText>but</spannedText>
        <creationDate>Thu Jan 13 19:07:47 CET 2022</creationDate>
    </annotation>
    <classMention id="EHOST_Instance_2426">
        <mentionClass id="NegCue">but</mentionClass>
    </classMention>
    <annotation>
        <mention id="EHOST_Instance_2427" />
        <annotator id="01">A1</annotator>
        <span start="9241" end="9248" />
        <spannedText>against</spannedText>
        <creationDate>Thu Jan 13 19:08:34 CET 2022</creationDate>
    </annotation>
    <classMention id="EHOST_Instance_2427">
        <mentionClass id="NegCue">against</mentionClass>
    </classMention>
    <annotation>
        <mention id="EHOST_Instance_2428" />
        <annotator id="01">A1</annotator>
        <span start="11148" end="11151" />
        <spannedText>but</spannedText>
        <creationDate>Thu Jan 13 19:10:46 CET 2022</creationDate>
    </annotation>
    <classMention id="EHOST_Instance_2428">
        <mentionClass id="NegCue">but</mentionClass>
    </classMention>
    <annotation>
        <mention id="EHOST_Instance_2429" />
        <annotator id="01">A1</annotator>
        <span start="11172" end="11178" />
        <spannedText>unable</spannedText>
        <creationDate>Thu Jan 13 19:10:49 CET 2022</creationDate>
    </annotation>
    <classMention id="EHOST_Instance_2429">
        <mentionClass id="NegCue">unable</mentionClass>
    </classMention>
    <annotation>
        <mention id="EHOST_Instance_2430" />
        <annotator id="01">A1</annotator>
        <span start="11341" end="11352" />
        <spannedText>controversy</spannedText>
        <creationDate>Thu Jan 13 19:12:28 CET 2022</creationDate>
    </annotation>
    <classMention id="EHOST_Instance_2430">
        <mentionClass id="NegCue">controversy</mentionClass>
    </classMention>
    <annotation>
        <mention id="EHOST_Instance_2431" />
        <annotator id="01">A1</annotator>
        <span start="11940" end="11956" />
        <spannedText>being opposed to</spannedText>
        <creationDate>Thu Jan 13 19:13:18 CET 2022</creationDate>
    </annotation>
    <classMention id="EHOST_Instance_2431">
        <mentionClass id="MWNC">being opposed to</mentionClass>
    </classMention>
    <annotation>
        <mention id="EHOST_Instance_2432" />
        <annotator id="01">A1</annotator>
        <span start="13822" end="13829" />
        <spannedText>however</spannedText>
        <creationDate>Thu Jan 13 19:14:49 CET 2022</creationDate>
    </annotation>
    <classMention id="EHOST_Instance_2432">
        <mentionClass id="MWNC">however</mentionClass>
    </classMention>
    <annotation>
        <mention id="EHOST_Instance_2433" />
        <annotator id="01">A1</annotator>
        <span start="14561" end="14564" />
        <spannedText>not</spannedText>
        <creationDate>Thu Jan 13 19:15:22 CET 2022</creationDate>
    </annotation>
    <classMention id="EHOST_Instance_2433">
        <mentionClass id="NegCue">not</mentionClass>
    </classMention>
    <annotation>
        <mention id="EHOST_Instance_2434" />
        <annotator id="01">A1</annotator>
        <span start="14686" end="14693" />
        <spannedText>However</spannedText>
        <creationDate>Thu Jan 13 19:15:26 CET 2022</creationDate>
    </annotation>
    <classMention id="EHOST_Instance_2434">
        <mentionClass id="MWNC">However</mentionClass>
    </classMention>
    <eHOST_Adjudication_Status version="1.0">
        <Adjudication_Selected_Annotators version="1.0">
            <Annotator>Ajda</Annotator>
            <Annotator>tuvay</Annotator>
            <Annotator>ADJUDICATION</Annotator>
        </Adjudication_Selected_Annotators>
        <Adjudication_Selected_Classes version="1.0">
            <Class>NegCue</Class>
            <Class>MWNC</Class>
        </Adjudication_Selected_Classes>
        <Adjudication_Others>
            <CHECK_OVERLAPPED_SPANS>false</CHECK_OVERLAPPED_SPANS>
            <CHECK_ATTRIBUTES>false</CHECK_ATTRIBUTES>
            <CHECK_RELATIONSHIP>false</CHECK_RELATIONSHIP>
            <CHECK_CLASS>false</CHECK_CLASS>
            <CHECK_COMMENT>false</CHECK_COMMENT>
        </Adjudication_Others>
    </eHOST_Adjudication_Status>
</annotations>

