<?xml version="1.0" encoding="UTF-8"?>
<annotations textSource="en-wikipedia-org_20170702T222036.txt">
    <annotation>
        <mention id="EHOST_Instance_2497" />
        <annotator id="01">A1</annotator>
        <span start="954" end="956" />
        <spannedText>no</spannedText>
        <creationDate>Thu Jan 13 22:42:56 CET 2022</creationDate>
    </annotation>
    <classMention id="EHOST_Instance_2497">
        <mentionClass id="NegCue">no</mentionClass>
    </classMention>
    <annotation>
        <mention id="EHOST_Instance_2498" />
        <annotator id="01">A1</annotator>
        <span start="1003" end="1006" />
        <spannedText>not</spannedText>
        <creationDate>Thu Jan 13 22:43:00 CET 2022</creationDate>
    </annotation>
    <classMention id="EHOST_Instance_2498">
        <mentionClass id="NegCue">not</mentionClass>
    </classMention>
    <annotation>
        <mention id="EHOST_Instance_2499" />
        <annotator id="01">A1</annotator>
        <span start="1194" end="1197" />
        <spannedText>not</spannedText>
        <creationDate>Thu Jan 13 22:43:08 CET 2022</creationDate>
    </annotation>
    <classMention id="EHOST_Instance_2499">
        <mentionClass id="NegCue">not</mentionClass>
    </classMention>
    <annotation>
        <mention id="EHOST_Instance_2500" />
        <annotator id="01">A1</annotator>
        <span start="2086" end="2089" />
        <spannedText>not</spannedText>
        <creationDate>Thu Jan 13 22:43:35 CET 2022</creationDate>
    </annotation>
    <classMention id="EHOST_Instance_2500">
        <mentionClass id="NegCue">not</mentionClass>
    </classMention>
    <annotation>
        <mention id="EHOST_Instance_2501" />
        <annotator id="01">A1</annotator>
        <span start="3532" end="3535" />
        <spannedText>not</spannedText>
        <creationDate>Thu Jan 13 22:44:11 CET 2022</creationDate>
    </annotation>
    <classMention id="EHOST_Instance_2501">
        <mentionClass id="NegCue">not</mentionClass>
    </classMention>
    <eHOST_Adjudication_Status version="1.0">
        <Adjudication_Selected_Annotators version="1.0">
            <Annotator>Ajda</Annotator>
            <Annotator>tuvay</Annotator>
            <Annotator>ADJUDICATION</Annotator>
        </Adjudication_Selected_Annotators>
        <Adjudication_Selected_Classes version="1.0">
            <Class>NegCue</Class>
            <Class>MWNC</Class>
        </Adjudication_Selected_Classes>
        <Adjudication_Others>
            <CHECK_OVERLAPPED_SPANS>false</CHECK_OVERLAPPED_SPANS>
            <CHECK_ATTRIBUTES>false</CHECK_ATTRIBUTES>
            <CHECK_RELATIONSHIP>false</CHECK_RELATIONSHIP>
            <CHECK_CLASS>false</CHECK_CLASS>
            <CHECK_COMMENT>false</CHECK_COMMENT>
        </Adjudication_Others>
    </eHOST_Adjudication_Status>
</annotations>

