<?xml version="1.0" encoding="UTF-8"?>
<annotations textSource="fda-gov_20170629T110653.txt">
    <annotation>
        <mention id="EHOST_Instance_2502" />
        <annotator id="01">A1</annotator>
        <span start="343" end="345" />
        <spannedText>no</spannedText>
        <creationDate>Thu Jan 13 22:46:00 CET 2022</creationDate>
    </annotation>
    <classMention id="EHOST_Instance_2502">
        <mentionClass id="NegCue">no</mentionClass>
    </classMention>
    <annotation>
        <mention id="EHOST_Instance_2503" />
        <annotator id="01">A1</annotator>
        <span start="437" end="444" />
        <spannedText>However</spannedText>
        <creationDate>Thu Jan 13 22:46:04 CET 2022</creationDate>
    </annotation>
    <classMention id="EHOST_Instance_2503">
        <mentionClass id="MWNC">However</mentionClass>
    </classMention>
    <annotation>
        <mention id="EHOST_Instance_2504" />
        <annotator id="01">A1</annotator>
        <span start="1030" end="1034" />
        <spannedText>fail</spannedText>
        <creationDate>Thu Jan 13 22:46:41 CET 2022</creationDate>
    </annotation>
    <classMention id="EHOST_Instance_2504">
        <mentionClass id="NegCue">fail</mentionClass>
    </classMention>
    <annotation>
        <mention id="EHOST_Instance_2505" />
        <annotator id="01">A1</annotator>
        <span start="1397" end="1400" />
        <spannedText>not</spannedText>
        <creationDate>Thu Jan 13 22:46:55 CET 2022</creationDate>
    </annotation>
    <classMention id="EHOST_Instance_2505">
        <mentionClass id="NegCue">not</mentionClass>
    </classMention>
    <annotation>
        <mention id="EHOST_Instance_2506" />
        <annotator id="01">A1</annotator>
        <span start="1686" end="1700" />
        <spannedText>whether or not</spannedText>
        <creationDate>Thu Jan 13 22:47:16 CET 2022</creationDate>
    </annotation>
    <classMention id="EHOST_Instance_2506">
        <mentionClass id="MWNC">whether or not</mentionClass>
    </classMention>
    <annotation>
        <mention id="EHOST_Instance_2507" />
        <annotator id="01">A1</annotator>
        <span start="2145" end="2147" />
        <spannedText>no</spannedText>
        <creationDate>Thu Jan 13 22:48:14 CET 2022</creationDate>
    </annotation>
    <classMention id="EHOST_Instance_2507">
        <mentionClass id="NegCue">no</mentionClass>
    </classMention>
    <annotation>
        <mention id="EHOST_Instance_2508" />
        <annotator id="01">A1</annotator>
        <span start="3087" end="3090" />
        <spannedText>not</spannedText>
        <creationDate>Thu Jan 13 22:48:58 CET 2022</creationDate>
    </annotation>
    <classMention id="EHOST_Instance_2508">
        <mentionClass id="NegCue">not</mentionClass>
    </classMention>
    <annotation>
        <mention id="EHOST_Instance_2509" />
        <annotator id="01">A1</annotator>
        <span start="3319" end="3322" />
        <spannedText>not</spannedText>
        <creationDate>Thu Jan 13 22:49:07 CET 2022</creationDate>
    </annotation>
    <classMention id="EHOST_Instance_2509">
        <mentionClass id="NegCue">not</mentionClass>
    </classMention>
    <annotation>
        <mention id="EHOST_Instance_2510" />
        <annotator id="01">A1</annotator>
        <span start="4860" end="4867" />
        <spannedText>denying</spannedText>
        <creationDate>Thu Jan 13 22:49:54 CET 2022</creationDate>
    </annotation>
    <classMention id="EHOST_Instance_2510">
        <mentionClass id="NegCue">denying</mentionClass>
    </classMention>
    <annotation>
        <mention id="EHOST_Instance_2511" />
        <annotator id="01">A1</annotator>
        <span start="5956" end="5959" />
        <spannedText>but</spannedText>
        <creationDate>Thu Jan 13 22:50:49 CET 2022</creationDate>
    </annotation>
    <classMention id="EHOST_Instance_2511">
        <mentionClass id="NegCue">but</mentionClass>
    </classMention>
    <annotation>
        <mention id="EHOST_Instance_2512" />
        <annotator id="01">A1</annotator>
        <span start="6759" end="6762" />
        <spannedText>but</spannedText>
        <creationDate>Thu Jan 13 22:51:31 CET 2022</creationDate>
    </annotation>
    <classMention id="EHOST_Instance_2512">
        <mentionClass id="NegCue">but</mentionClass>
    </classMention>
    <annotation>
        <mention id="EHOST_Instance_2513" />
        <annotator id="01">A1</annotator>
        <span start="8518" end="8521" />
        <spannedText>but</spannedText>
        <creationDate>Thu Jan 13 22:52:15 CET 2022</creationDate>
    </annotation>
    <classMention id="EHOST_Instance_2513">
        <mentionClass id="NegCue">but</mentionClass>
    </classMention>
    <annotation>
        <mention id="EHOST_Instance_2514" />
        <annotator id="01">A1</annotator>
        <span start="8525" end="8528" />
        <spannedText>not</spannedText>
        <creationDate>Thu Jan 13 22:52:17 CET 2022</creationDate>
    </annotation>
    <classMention id="EHOST_Instance_2514">
        <mentionClass id="NegCue">not</mentionClass>
    </classMention>
    <annotation>
        <mention id="EHOST_Instance_2515" />
        <annotator id="01">A1</annotator>
        <span start="8681" end="8684" />
        <spannedText>not</spannedText>
        <creationDate>Thu Jan 13 22:52:22 CET 2022</creationDate>
    </annotation>
    <classMention id="EHOST_Instance_2515">
        <mentionClass id="NegCue">not</mentionClass>
    </classMention>
    <eHOST_Adjudication_Status version="1.0">
        <Adjudication_Selected_Annotators version="1.0">
            <Annotator>Ajda</Annotator>
            <Annotator>tuvay</Annotator>
            <Annotator>ADJUDICATION</Annotator>
        </Adjudication_Selected_Annotators>
        <Adjudication_Selected_Classes version="1.0">
            <Class>NegCue</Class>
            <Class>MWNC</Class>
        </Adjudication_Selected_Classes>
        <Adjudication_Others>
            <CHECK_OVERLAPPED_SPANS>false</CHECK_OVERLAPPED_SPANS>
            <CHECK_ATTRIBUTES>false</CHECK_ATTRIBUTES>
            <CHECK_RELATIONSHIP>false</CHECK_RELATIONSHIP>
            <CHECK_CLASS>false</CHECK_CLASS>
            <CHECK_COMMENT>false</CHECK_COMMENT>
        </Adjudication_Others>
    </eHOST_Adjudication_Status>
</annotations>

