<?xml version="1.0" encoding="UTF-8"?>
<annotations textSource="fitfortravel-nhs-uk_20160812T165007.txt">
    <annotation>
        <mention id="EHOST_Instance_2390" />
        <annotator id="01">A1</annotator>
        <span start="606" end="612" />
        <spannedText>cannot</spannedText>
        <creationDate>Thu Jan 13 18:24:03 CET 2022</creationDate>
    </annotation>
    <classMention id="EHOST_Instance_2390">
        <mentionClass id="NegCue">cannot</mentionClass>
    </classMention>
    <annotation>
        <mention id="EHOST_Instance_2391" />
        <annotator id="01">A1</annotator>
        <span start="1945" end="1947" />
        <spannedText>No</spannedText>
        <creationDate>Thu Jan 13 18:36:11 CET 2022</creationDate>
    </annotation>
    <classMention id="EHOST_Instance_2391">
        <mentionClass id="NegCue">No</mentionClass>
    </classMention>
    <annotation>
        <mention id="EHOST_Instance_2392" />
        <annotator id="01">A1</annotator>
        <span start="4739" end="4741" />
        <spannedText>no</spannedText>
        <creationDate>Thu Jan 13 18:36:26 CET 2022</creationDate>
    </annotation>
    <classMention id="EHOST_Instance_2392">
        <mentionClass id="NegCue">no</mentionClass>
    </classMention>
    <annotation>
        <mention id="EHOST_Instance_2393" />
        <annotator id="01">A1</annotator>
        <span start="4739" end="4741" />
        <spannedText>no</spannedText>
        <creationDate>Thu Jan 13 18:36:55 CET 2022</creationDate>
    </annotation>
    <classMention id="EHOST_Instance_2393">
        <mentionClass id="NegCue">no</mentionClass>
    </classMention>
    <annotation>
        <mention id="EHOST_Instance_2394" />
        <annotator id="01">A1</annotator>
        <span start="6434" end="6447" />
        <spannedText>non-essential</spannedText>
        <creationDate>Thu Jan 13 18:37:02 CET 2022</creationDate>
    </annotation>
    <classMention id="EHOST_Instance_2394">
        <mentionClass id="NegCue">non-essential</mentionClass>
    </classMention>
    <annotation>
        <mention id="EHOST_Instance_2395" />
        <annotator id="01">A1</annotator>
        <span start="6564" end="6577" />
        <spannedText>non-essential</spannedText>
        <creationDate>Thu Jan 13 18:37:03 CET 2022</creationDate>
    </annotation>
    <classMention id="EHOST_Instance_2395">
        <mentionClass id="NegCue">non-essential</mentionClass>
    </classMention>
    <annotation>
        <mention id="EHOST_Instance_2396" />
        <annotator id="01">A1</annotator>
        <span start="6197" end="6200" />
        <spannedText>not</spannedText>
        <creationDate>Thu Jan 13 18:37:06 CET 2022</creationDate>
    </annotation>
    <classMention id="EHOST_Instance_2396">
        <mentionClass id="NegCue">not</mentionClass>
    </classMention>
    <annotation>
        <mention id="EHOST_Instance_2397" />
        <annotator id="01">A1</annotator>
        <span start="4772" end="4775" />
        <spannedText>not</spannedText>
        <creationDate>Thu Jan 13 18:37:24 CET 2022</creationDate>
    </annotation>
    <classMention id="EHOST_Instance_2397">
        <mentionClass id="NegCue">not</mentionClass>
    </classMention>
    <annotation>
        <mention id="EHOST_Instance_2398" />
        <annotator id="01">A1</annotator>
        <span start="5741" end="5743" />
        <spannedText>no</spannedText>
        <creationDate>Thu Jan 13 18:37:53 CET 2022</creationDate>
    </annotation>
    <classMention id="EHOST_Instance_2398">
        <mentionClass id="NegCue">no</mentionClass>
    </classMention>
    <annotation>
        <mention id="EHOST_Instance_2399" />
        <annotator id="01">A1</annotator>
        <span start="6208" end="6215" />
        <spannedText>without</spannedText>
        <creationDate>Thu Jan 13 18:45:14 CET 2022</creationDate>
    </annotation>
    <classMention id="EHOST_Instance_2399">
        <mentionClass id="NegCue">without</mentionClass>
    </classMention>
    <eHOST_Adjudication_Status version="1.0">
        <Adjudication_Selected_Annotators version="1.0">
            <Annotator>Ajda</Annotator>
            <Annotator>tuvay</Annotator>
            <Annotator>ADJUDICATION</Annotator>
        </Adjudication_Selected_Annotators>
        <Adjudication_Selected_Classes version="1.0">
            <Class>NegCue</Class>
            <Class>MWNC</Class>
        </Adjudication_Selected_Classes>
        <Adjudication_Others>
            <CHECK_OVERLAPPED_SPANS>false</CHECK_OVERLAPPED_SPANS>
            <CHECK_ATTRIBUTES>false</CHECK_ATTRIBUTES>
            <CHECK_RELATIONSHIP>false</CHECK_RELATIONSHIP>
            <CHECK_CLASS>false</CHECK_CLASS>
            <CHECK_COMMENT>false</CHECK_COMMENT>
        </Adjudication_Others>
    </eHOST_Adjudication_Status>
</annotations>

